binding_energy_raw,raw_intensity,binding_energy_eV,processed_intensity
0.5,0.026009,0.5,0.07932020489248512
1.0,0.026018,1.0,0.07934765238543112
1.5,0.026027,1.5,0.07937509987837711
2.0,0.026036,2.0,0.0794025473713231
2.5,0.026045,2.5,0.07942999486426909
3.0,0.026054,3.0,0.0794574423572151
3.5,0.026063,3.5,0.07948488985016108
4.0,0.026072,4.0,0.07951233734310709
4.5,0.026081,4.5,0.07953978483605308
5.0,0.02609,5.0,0.07956723232899907
5.5,0.026099,5.5,0.07959467982194507
6.0,0.026108,6.0,0.07962212731489106
6.5,0.026117,6.5,0.07964957480783706
7.0,0.026126,7.0,0.07967702230078305
7.5,0.026135,7.5,0.07970446979372904
8.0,0.026144,8.0,0.07973191728667504
8.5,0.026153,8.5,0.07975936477962103
9.0,0.026162,9.0,0.07978681227256702
9.5,0.026171,9.5,0.07981425976551303
10.0,0.02618,10.0,0.07984170725845902
10.5,0.026189,10.5,0.079869154751405
11.0,0.026198,11.0,0.079896602244351
11.5,0.026207,11.5,0.079924049737297
12.0,0.026216,12.0,0.07995149723024299
12.5,0.026225,12.5,0.07997894472318898
13.0,0.026234,13.0,0.08000639221613498
13.5,0.026243,13.5,0.08003383970908097
14.0,0.026252,14.0,0.08006128720202697
14.5,0.026261,14.5,0.08008873469497296
15.0,0.02627,15.0,0.08011618218791897
15.5,0.026279,15.5,0.08014362968086496
16.0,0.026288,16.0,0.08017107717381095
16.5,0.026297,16.5,0.08019852466675695
17.0,0.026306,17.0,0.08022597215970294
17.5,0.026315,17.5,0.08025341965264893
18.0,0.026324,18.0,0.08028086714559493
18.5,0.026333,18.5,0.08030831463854092
19.0,0.026342,19.0,0.08033576213148691
19.5,0.026351,19.5,0.0803632096244329
20.0,0.02636,20.0,0.0803906571173789
20.5,0.026369,20.5,0.08041810461032489
21.0,0.026378,21.0,0.08044555210327088
21.5,0.026387,21.5,0.08047299959621688
22.0,0.026396,22.0,0.08050044708916287
22.5,0.026405,22.5,0.08052789458210888
23.0,0.026414,23.0,0.08055534207505487
23.5,0.026423,23.5,0.08058278956800086
24.0,0.026432,24.0,0.08061023706094686
24.5,0.026441,24.5,0.08063768455389285
25.0,0.02645,25.0,0.08066513204683885
25.5,0.026459,25.5,0.08069257953978484
26.0,0.026468,26.0,0.08072002703273083
26.5,0.026477,26.5,0.08074747452567684
27.0,0.026486,27.0,0.08077492201862282
27.5,0.026495,27.5,0.08080236951156881
28.0,0.026504,28.0,0.0808298170045148
28.5,0.026513,28.5,0.08085726449746079
29.0,0.026522,29.0,0.0808847119904068
29.5,0.026531,29.5,0.08091215948335279
30.0,0.02654,30.0,0.08093960697629879
30.5,0.026549,30.5,0.08096705446924478
31.0,0.026558,31.0,0.08099450196219077
31.5,0.026567,31.5,0.08102194945513677
32.0,0.026576,32.0,0.08104939694808276
32.5,0.026585,32.5,0.08107684444102876
33.0,0.026594,33.0,0.08110429193397475
33.5,0.026603,33.5,0.08113173942692076
34.0,0.026612,34.0,0.08115918691986675
34.5,0.026621,34.5,0.08118663441281274
35.0,0.02663,35.0,0.08121408190575874
35.5,0.026639,35.5,0.08124152939870473
36.0,0.026648,36.0,0.08126897689165072
36.5,0.026657,36.5,0.08129642438459671
37.0,0.026666,37.0,0.0813238718775427
37.5,0.026675,37.5,0.0813513193704887
38.0,0.026684,38.0,0.08137876686343469
38.5,0.026693,38.5,0.0814062143563807
39.0,0.026702,39.0,0.08143366184932668
39.5,0.026711,39.5,0.08146110934227267
40.0,0.02672,40.0,0.08148855683521868
40.5,0.026729,40.5,0.08151600432816467
41.0,0.026738,41.0,0.08154345182111067
41.5,0.026747,41.5,0.08157089931405666
42.0,0.026756,42.0,0.08159834680700265
42.5,0.026765,42.5,0.08162579429994865
43.0,0.026774,43.0,0.08165324179289464
43.5,0.026783,43.5,0.08168068928584064
44.0,0.026792,44.0,0.08170813677878663
44.5,0.026801,44.5,0.08173558427173262
45.0,0.02681,45.0,0.08176303176467861
45.5,0.026819,45.5,0.0817904792576246
46.0,0.026828,46.0,0.0818179267505706
46.5,0.026837,46.5,0.0818453742435166
47.0,0.026846,47.0,0.08187282173646258
47.5,0.026855,47.5,0.08190026922940859
48.0,0.026864,48.0,0.08192771672235458
48.5,0.026873,48.5,0.08195516421530058
49.0,0.026882,49.0,0.08198261170824657
49.5,0.026891,49.5,0.08201005920119257
50.0,0.0269,50.0,0.08203750669413856
50.5,0.026909,50.5,0.08206495418708455
51.0,0.026918,51.0,0.08209240168003056
51.5,0.026927,51.5,0.08211984917297654
52.0,0.026936,52.0,0.08214729666592255
52.5,0.026945,52.5,0.08217474415886854
53.0,0.026954,53.0,0.08220219165181453
53.5,0.026963,53.5,0.08222963914476052
54.0,0.026972,54.0,0.0822570866377065
54.5,0.026981,54.5,0.08228453413065251
55.0,0.02699,55.0,0.0823119816235985
55.5,0.026999,55.5,0.08233942911654449
56.0,0.027008,56.0,0.08236687660949049
56.5,0.027017,56.5,0.08239432410243648
57.0,0.027026,57.0,0.08242177159538248
57.5,0.027035,57.5,0.08244921908832847
58.0,0.027044,58.0,0.08247666658127446
58.5,0.027053,58.5,0.08250411407422047
59.0,0.027062,59.0,0.08253156156716646
59.5,0.027071,59.5,0.08255900906011246
60.0,0.02708,60.0,0.08258645655305845
60.5,0.027089,60.5,0.08261390404600444
61.0,0.027098,61.0,0.08264135153895044
61.5,0.027107,61.5,0.08266879903189643
62.0,0.027116,62.0,0.08269624652484242
62.5,0.027125,62.5,0.08272369401778842
63.0,0.027134,63.0,0.08275114151073441
63.5,0.027143,63.5,0.0827785890036804
64.0,0.027152,64.0,0.08280603649662639
64.5,0.027161,64.5,0.0828334839895724
65.0,0.02717,65.0,0.08286093148251839
65.5,0.027179,65.5,0.08288837897546437
66.0,0.027188,66.0,0.08291582646841038
66.5,0.027197,66.5,0.08294327396135637
67.0,0.027206,67.0,0.08297072145430237
67.5,0.027215,67.5,0.08299816894724836
68.0,0.027224,68.0,0.08302561644019436
68.5,0.027233,68.5,0.08305306393314035
69.0,0.027242,69.0,0.08308051142608634
69.5,0.027251,69.5,0.08310795891903235
70.0,0.02726,70.0,0.08313540641197834
70.5,0.027269,70.5,0.08316285390492432
71.0,0.027278,71.0,0.08319030139787033
71.5,0.027287,71.5,0.08321774889081632
72.0,0.027296,72.0,0.08324519638376231
72.5,0.027305,72.5,0.0832726438767083
73.0,0.027314,73.0,0.0833000913696543
73.5,0.027323,73.5,0.08332753886260029
74.0,0.027332,74.0,0.08335498635554628
74.5,0.027341,74.5,0.08338243384849228
75.0,0.02735,75.0,0.08340988134143827
75.5,0.027359,75.5,0.08343732883438428
76.0,0.027368,76.0,0.08346477632733026
76.5,0.027377,76.5,0.08349222382027625
77.0,0.027386,77.0,0.08351967131322226
77.5,0.027395,77.5,0.08354711880616825
78.0,0.027404,78.0,0.08357456629911425
78.5,0.027413,78.5,0.08360201379206024
79.0,0.027422,79.0,0.08362946128500623
79.5,0.027431,79.5,0.08365690877795223
80.0,0.02744,80.0,0.08368435627089822
80.5,0.027449,80.5,0.08371180376384421
81.0,0.027458,81.0,0.0837392512567902
81.5,0.027467,81.5,0.08376669874973619
82.0,0.027476,82.0,0.0837941462426822
82.5,0.027485,82.5,0.08382159373562818
83.0,0.027494,83.0,0.08384904122857419
83.5,0.027503,83.5,0.08387648872152018
84.0,0.027512,84.0,0.08390393621446618
84.5,0.027521,84.5,0.08393138370741217
85.0,0.02753,85.0,0.08395883120035816
85.5,0.027539,85.5,0.08398627869330416
86.0,0.027548,86.0,0.08401372618625015
86.5,0.027557,86.5,0.08404117367919615
87.0,0.027566,87.0,0.08406862117214214
87.5,0.027575,87.5,0.08409606866508813
88.0,0.027584,88.0,0.08412351615803414
88.5,0.027593,88.5,0.08415096365098013
89.0,0.027602,89.0,0.08417841114392612
89.5,0.027611,89.5,0.0842058586368721
90.0,0.02762,90.0,0.0842333061298181
90.5,0.027629,90.5,0.0842607536227641
91.0,0.027638,91.0,0.08428820111571009
91.5,0.027647,91.5,0.08431564860865609
92.0,0.027656,92.0,0.08434309610160208
92.5,0.027665,92.5,0.08437054359454807
93.0,0.027674,93.0,0.08439799108749407
93.5,0.027683,93.5,0.08442543858044006
94.0,0.02769207,94.0,0.08445309955388675
94.5,0.02770198,94.5,0.08448332229334173
95.0,0.02772,95.0,0.08453827827366249
95.5,0.02779867,95.5,0.08477819985922487
96.0,0.0282222,96.0,0.08606984838004897
96.5,0.03012434,96.5,0.09187084551697049
97.0,0.03672769,97.0,0.11200922357751843
97.5,0.05407203,97.5,0.16490462911117698
98.0,0.08782201,98.0,0.2678326666642269
98.5,0.13454025,98.5,0.41031028475859016
99.0,0.17574576,99.0,0.535975611987601
99.5,0.18815277,99.5,0.5738135363715878
100.0,0.16570767,100.0,0.5053622337135726
100.5,0.12836199,100.5,0.3914683127843103
101.0,0.1065525,101.0,0.32495544356978434
101.5,0.12027275,101.5,0.36679838413559307
102.0,0.1706336,102.0,0.5203849480388462
102.5,0.24114968,102.5,0.7354393489698652
103.0,0.30315602,103.0,0.9245414133873013
103.5,0.3278988,103.5,1.0
104.0,0.30293267,104.0,0.9238602581040248
104.5,0.23987584,104.5,0.7315544918127179
105.0,0.16524003,105.0,0.5039360619800988
105.5,0.10270466,105.5,0.31322060343008273
106.0,0.06215653,106.0,0.189560102080276
106.5,0.04109808,106.5,0.1253376956548789
107.0,0.03219044,107.0,0.09817187498093925
107.5,0.02909478,107.5,0.08873097431280627
108.0,0.02820915,108.0,0.08603004951527728
108.5,0.02800396,108.5,0.085404277173323
109.0,0.02797023,109.0,0.08530141006920428
109.5,0.02797212,109.5,0.08530717404272294
110.0,0.02798013,110.0,0.08533160231144488
110.5,0.02798901,110.5,0.08535868383781826
111.0,0.027998,111.0,0.08538610083354986
111.5,0.028007,111.5,0.08541354832649586
112.0,0.028016,112.0,0.08544099581944185
112.5,0.028025,112.5,0.08546844331238786
113.0,0.028034,113.0,0.08549589080533385
113.5,0.028043,113.5,0.08552333829827984
114.0,0.028052,114.0,0.08555078579122584
114.5,0.028061,114.5,0.08557823328417183
115.0,0.02807,115.0,0.08560568077711782
115.5,0.028079,115.5,0.08563312827006381
116.0,0.028088,116.0,0.08566057576300981
116.5,0.028097,116.5,0.0856880232559558
117.0,0.028106,117.0,0.08571547074890179
117.5,0.028115,117.5,0.0857429182418478
118.0,0.028124,118.0,0.08577036573479378
118.5,0.028133,118.5,0.08579781322773977
119.0,0.028142,119.0,0.08582526072068578
119.5,0.028151,119.5,0.08585270821363176
120.0,0.02816,120.0,0.08588015570657777
120.5,0.028169,120.5,0.08590760319952376
121.0,0.028178,121.0,0.08593505069246976
121.5,0.028187,121.5,0.08596249818541575
122.0,0.028196,122.0,0.08598994567836174
122.5,0.028205,122.5,0.08601739317130774
123.0,0.028214,123.0,0.08604484066425373
123.5,0.028223,123.5,0.08607228815719972
124.0,0.028232,124.0,0.08609973565014573
124.5,0.028241,124.5,0.08612718314309172
125.0,0.02825,125.0,0.0861546306360377
125.5,0.028259,125.5,0.0861820781289837
126.0,0.028268,126.0,0.0862095256219297
126.5,0.028277,126.5,0.08623697311487569
127.0,0.028286,127.0,0.08626442060782168
127.5,0.028295,127.5,0.08629186810076768
128.0,0.028304,128.0,0.08631931559371367
128.5,0.028313,128.5,0.08634676308665967
129.0,0.028322,129.0,0.08637421057960566
129.5,0.028331,129.5,0.08640165807255165
130.0,0.02834,130.0,0.08642910556549765
130.5,0.028349,130.5,0.08645655305844364
131.0,0.028358,131.0,0.08648400055138965
131.5,0.028367,131.5,0.08651144804433564
132.0,0.028376,132.0,0.08653889553728163
132.5,0.028385,132.5,0.08656634303022763
133.0,0.028394,133.0,0.08659379052317362
133.5,0.028403,133.5,0.08662123801611961
134.0,0.028412,134.0,0.0866486855090656
134.5,0.028421,134.5,0.08667613300201159
135.0,0.02843,135.0,0.08670358049495759
135.5,0.028439,135.5,0.08673102798790358
136.0,0.028448,136.0,0.08675847548084958
136.5,0.028457,136.5,0.08678592297379557
137.0,0.028466,137.0,0.08681337046674158
137.5,0.028475,137.5,0.08684081795968757
138.0,0.028484,138.0,0.08686826545263356
138.5,0.028493,138.5,0.08689571294557956
139.0,0.028502,139.0,0.08692316043852555
139.5,0.028511,139.5,0.08695060793147155
140.0,0.02852,140.0,0.08697805542441754
140.5,0.028529,140.5,0.08700550291736353
141.0,0.028538,141.0,0.08703295041030953
141.5,0.028547,141.5,0.08706039790325552
142.0,0.028556,142.0,0.08708784539620151
142.5,0.028565,142.5,0.0871152928891475
143.0,0.028574,143.0,0.08714274038209349
143.5,0.028583,143.5,0.0871701878750395
144.0,0.028592,144.0,0.08719763536798548
144.5,0.028601,144.5,0.08722508286093149
145.0,0.02861,145.0,0.08725253035387748
145.5,0.028619,145.5,0.08727997784682347
146.0,0.028628,146.0,0.08730742533976947
146.5,0.028637,146.5,0.08733487283271546
147.0,0.028646,147.0,0.08736232032566146
147.5,0.028655,147.5,0.08738976781860745
148.0,0.028664,148.0,0.08741721531155344
148.5,0.028673,148.5,0.08744466280449945
149.0,0.028682,149.0,0.08747211029744544
149.5,0.028691,149.5,0.08749955779039144
150.0,0.0287,150.0,0.08752700528333743
150.5,0.028709,150.5,0.08755445277628342
151.0,0.028718,151.0,0.0875819002692294
151.5,0.028727,151.5,0.0876093477621754
152.0,0.028736,152.0,0.0876367952551214
152.5,0.028745,152.5,0.08766424274806739
153.0,0.028754,153.0,0.08769169024101338
153.5,0.028763,153.5,0.08771913773395938
154.0,0.028772,154.0,0.08774658522690537
154.5,0.028781,154.5,0.08777403271985137
155.0,0.02879,155.0,0.08780148021279736
155.5,0.028799,155.5,0.08782892770574337
156.0,0.028808,156.0,0.08785637519868936
156.5,0.028817,156.5,0.08788382269163535
157.0,0.028826,157.0,0.08791127018458135
157.5,0.028835,157.5,0.08793871767752734
158.0,0.028844,158.0,0.08796616517047334
158.5,0.028853,158.5,0.08799361266341933
159.0,0.028862,159.0,0.08802106015636532
159.5,0.028871,159.5,0.08804850764931131
160.0,0.02888,160.0,0.0880759551422573
160.5,0.028889,160.5,0.0881034026352033
161.0,0.028898,161.0,0.0881308501281493
161.5,0.028907,161.5,0.08815829762109528
162.0,0.028916,162.0,0.08818574511404129
162.5,0.028925,162.5,0.08821319260698728
163.0,0.028934,163.0,0.08824064009993328
163.5,0.028943,163.5,0.08826808759287927
164.0,0.028952,164.0,0.08829553508582526
164.5,0.028961,164.5,0.08832298257877126
165.0,0.02897,165.0,0.08835043007171725
165.5,0.028979,165.5,0.08837787756466325
166.0,0.028988,166.0,0.08840532505760924
166.5,0.028997,166.5,0.08843277255055523
167.0,0.029006,167.0,0.08846022004350124
167.5,0.029015,167.5,0.08848766753644723
168.0,0.029024,168.0,0.08851511502939322
168.5,0.029033,168.5,0.0885425625223392
169.0,0.029042,169.0,0.08857001001528521
169.5,0.029051,169.5,0.0885974575082312
170.0,0.02906,170.0,0.08862490500117719
170.5,0.029069,170.5,0.08865235249412319
171.0,0.029078,171.0,0.08867979998706918
171.5,0.029087,171.5,0.08870724748001517
172.0,0.029096,172.0,0.08873469497296117
172.5,0.029105,172.5,0.08876214246590716
173.0,0.029114,173.0,0.08878958995885317
173.5,0.029123,173.5,0.08881703745179916
174.0,0.029132,174.0,0.08884448494474516
174.5,0.029141,174.5,0.08887193243769115
175.0,0.02915,175.0,0.08889937993063714
175.5,0.029159,175.5,0.08892682742358314
176.0,0.029168,176.0,0.08895427491652913
176.5,0.029177,176.5,0.08898172240947512
177.0,0.029186,177.0,0.08900916990242111
177.5,0.029195,177.5,0.08903661739536711
178.0,0.029204,178.0,0.0890640648883131
178.5,0.029213,178.5,0.08909151238125909
179.0,0.029222,179.0,0.0891189598742051
179.5,0.029231,179.5,0.08914640736715108
180.0,0.02924,180.0,0.08917385486009707
180.5,0.029249,180.5,0.08920130235304308
181.0,0.029258,181.0,0.08922874984598907
181.5,0.029267,181.5,0.08925619733893507
182.0,0.029276,182.0,0.08928364483188106
182.5,0.029285,182.5,0.08931109232482705
183.0,0.029294,183.0,0.08933853981777305
183.5,0.029303,183.5,0.08936598731071904
184.0,0.029312,184.0,0.08939343480366505
184.5,0.029321,184.5,0.08942088229661103
185.0,0.02933,185.0,0.08944832978955702
185.5,0.029339,185.5,0.08947577728250301
186.0,0.029348,186.0,0.08950322477544902
186.5,0.029357,186.5,0.089530672268395
187.0,0.029366,187.0,0.089558119761341
187.5,0.029375,187.5,0.08958556725428699
188.0,0.029384,188.0,0.08961301474723299
188.5,0.029393,188.5,0.08964046224017898
189.0,0.029402,189.0,0.08966790973312498
189.5,0.029411,189.5,0.08969535722607097
190.0,0.02942,190.0,0.08972280471901697
190.5,0.029429,190.5,0.08975025221196296
191.0,0.029438,191.0,0.08977769970490895
191.5,0.029447,191.5,0.08980514719785496
192.0,0.029456,192.0,0.08983259469080095
192.5,0.029465,192.5,0.08986004218374695
193.0,0.029474,193.0,0.08988748967669294
193.5,0.029483,193.5,0.08991493716963893
194.0,0.029492,194.0,0.08994238466258493
194.5,0.029501,194.5,0.08996983215553092
195.0,0.02951,195.0,0.08999727964847691
195.5,0.029519,195.5,0.0900247271414229
196.0,0.029528,196.0,0.09005217463436889
196.5,0.029537,196.5,0.09007962212731489
197.0,0.029546,197.0,0.09010706962026088
197.5,0.029555,197.5,0.09013451711320689
198.0,0.029564,198.0,0.09016196460615288
198.5,0.029573,198.5,0.09018941209909886
199.0,0.029582,199.0,0.09021685959204487
199.5,0.029591,199.5,0.09024430708499086
200.0,0.0296,200.0,0.09027175457793686
200.5,0.029609,200.5,0.09029920207088285
201.0,0.029618,201.0,0.09032664956382884
201.5,0.029627,201.5,0.09035409705677484
202.0,0.029636,202.0,0.09038154454972083
202.5,0.029645,202.5,0.09040899204266684
203.0,0.029654,203.0,0.09043643953561283
203.5,0.029663,203.5,0.09046388702855881
204.0,0.029672,204.0,0.0904913345215048
204.5,0.029681,204.5,0.0905187820144508
205.0,0.02969,205.0,0.0905462295073968
205.5,0.029699,205.5,0.09057367700034279
206.0,0.029708,206.0,0.09060112449328878
206.5,0.029717,206.5,0.09062857198623478
207.0,0.029726,207.0,0.09065601947918077
207.5,0.029735,207.5,0.09068346697212677
208.0,0.029744,208.0,0.09071091446507276
208.5,0.029753,208.5,0.09073836195801877
209.0,0.029762,209.0,0.09076580945096475
209.5,0.029771,209.5,0.09079325694391074
210.0,0.02978,210.0,0.09082070443685675
210.5,0.029789,210.5,0.09084815192980274
211.0,0.029798,211.0,0.09087559942274874
211.5,0.029807,211.5,0.09090304691569473
212.0,0.029816,212.0,0.09093049440864072
212.5,0.029825,212.5,0.09095794190158671
213.0,0.029834,213.0,0.0909853893945327
213.5,0.029843,213.5,0.0910128368874787
214.0,0.029852,214.0,0.09104028438042469
214.5,0.029861,214.5,0.09106773187337068
215.0,0.02987,215.0,0.09109517936631668
215.5,0.029879,215.5,0.09112262685926267
216.0,0.029888,216.0,0.09115007435220868
216.5,0.029897,216.5,0.09117752184515467
217.0,0.029906,217.0,0.09120496933810066
217.5,0.029915,217.5,0.09123241683104666
218.0,0.029924,218.0,0.09125986432399265
218.5,0.029933,218.5,0.09128731181693865
219.0,0.029942,219.0,0.09131475930988464
219.5,0.029951,219.5,0.09134220680283063
220.0,0.02996,220.0,0.09136965429577663
220.5,0.029969,220.5,0.09139710178872262
221.0,0.029978,221.0,0.09142454928166861
221.5,0.029987,221.5,0.0914519967746146
222.0,0.029996,222.0,0.0914794442675606
222.5,0.030005,222.5,0.0915068917605066
223.0,0.030014,223.0,0.09153433925345258
223.5,0.030023,223.5,0.09156178674639859
224.0,0.030032,224.0,0.09158923423934458
224.5,0.030041,224.5,0.09161668173229058
225.0,0.03005,225.0,0.09164412922523657
225.5,0.030059,225.5,0.09167157671818256
226.0,0.030068,226.0,0.09169902421112856
226.5,0.030077,226.5,0.09172647170407455
227.0,0.030086,227.0,0.09175391919702056
227.5,0.030095,227.5,0.09178136668996655
228.0,0.030104,228.0,0.09180881418291253
228.5,0.030113,228.5,0.09183626167585854
229.0,0.030122,229.0,0.09186370916880453
229.5,0.030131,229.5,0.09189115666175052
230.0,0.03014,230.0,0.0919186041546965
230.5,0.030149,230.5,0.09194605164764251
231.0,0.030158,231.0,0.0919734991405885
231.5,0.030167,231.5,0.09200094663353449
232.0,0.030176,232.0,0.09202839412648049
232.5,0.030185,232.5,0.09205584161942648
233.0,0.030194,233.0,0.09208328911237247
233.5,0.030203,233.5,0.09211073660531847
234.0,0.030212,234.0,0.09213818409826446
234.5,0.030221,234.5,0.09216563159121047
235.0,0.03023,235.0,0.09219307908415646
235.5,0.030239,235.5,0.09222052657710245
236.0,0.030248,236.0,0.09224797407004845
236.5,0.030257,236.5,0.09227542156299444
237.0,0.030266,237.0,0.09230286905594044
237.5,0.030275,237.5,0.09233031654888643
238.0,0.030284,238.0,0.09235776404183242
238.5,0.030293,238.5,0.09238521153477841
239.0,0.030302,239.0,0.09241265902772441
239.5,0.030311,239.5,0.0924401065206704
240.0,0.03032,240.0,0.0924675540136164
240.5,0.030329,240.5,0.09249500150656238
241.0,0.030338,241.0,0.09252244899950839
241.5,0.030347,241.5,0.09254989649245438
242.0,0.030356,242.0,0.09257734398540038
242.5,0.030365,242.5,0.09260479147834637
243.0,0.030374,243.0,0.09263223897129237
243.5,0.030383,243.5,0.09265968646423836
244.0,0.030392,244.0,0.09268713395718435
244.5,0.030401,244.5,0.09271458145013035
245.0,0.03041,245.0,0.09274202894307634
245.5,0.030419,245.5,0.09276947643602235
246.0,0.030428,246.0,0.09279692392896834
246.5,0.030437,246.5,0.09282437142191433
247.0,0.030446,247.0,0.09285181891486032
247.5,0.030455,247.5,0.09287926640780632
248.0,0.030464,248.0,0.09290671390075231
248.5,0.030473,248.5,0.0929341613936983
249.0,0.030482,249.0,0.09296160888664429
249.5,0.030491,249.5,0.09298905637959029
250.0,0.0305,250.0,0.09301650387253628
250.5,0.030509,250.5,0.09304395136548228
251.0,0.030518,251.0,0.09307139885842827
251.5,0.030527,251.5,0.09309884635137426
252.0,0.030536,252.0,0.09312629384432027
252.5,0.030545,252.5,0.09315374133726625
253.0,0.030554,253.0,0.09318118883021226
253.5,0.030563,253.5,0.09320863632315825
254.0,0.030572,254.0,0.09323608381610424
254.5,0.030581,254.5,0.09326353130905024
255.0,0.03059,255.0,0.09329097880199623
255.5,0.030599,255.5,0.09331842629494223
256.0,0.030608,256.0,0.09334587378788822
256.5,0.030617,256.5,0.09337332128083421
257.0,0.030626,257.0,0.0934007687737802
257.5,0.030635,257.5,0.09342821626672619
258.0,0.030644,258.0,0.0934556637596722
258.5,0.030653,258.5,0.09348311125261818
259.0,0.030662,259.0,0.09351055874556417
259.5,0.030671,259.5,0.09353800623851018
260.0,0.03068,260.0,0.09356545373145617
260.5,0.030689,260.5,0.09359290122440217
261.0,0.030698,261.0,0.09362034871734816
261.5,0.030707,261.5,0.09364779621029416
262.0,0.030716,262.0,0.09367524370324015
262.5,0.030725,262.5,0.09370269119618614
263.0,0.030734,263.0,0.09373013868913214
263.5,0.030743,263.5,0.09375758618207813
264.0,0.030752,264.0,0.09378503367502414
264.5,0.030761,264.5,0.09381248116797013
265.0,0.03077,265.0,0.09383992866091612
265.5,0.030779,265.5,0.0938673761538621
266.0,0.030788,266.0,0.0938948236468081
266.5,0.030797,266.5,0.0939222711397541
267.0,0.030806,267.0,0.09394971863270009
267.5,0.030815,267.5,0.09397716612564608
268.0,0.030824,268.0,0.09400461361859208
268.5,0.030833,268.5,0.09403206111153807
269.0,0.030842,269.0,0.09405950860448407
269.5,0.030851,269.5,0.09408695609743006
270.0,0.03086,270.0,0.09411440359037605
270.5,0.030869,270.5,0.09414185108332206
271.0,0.030878,271.0,0.09416929857626805
271.5,0.030887,271.5,0.09419674606921405
272.0,0.030896,272.0,0.09422419356216004
272.5,0.030905,272.5,0.09425164105510603
273.0,0.030914,273.0,0.09427908854805203
273.5,0.030923,273.5,0.09430653604099802
274.0,0.030932,274.0,0.09433398353394401
274.5,0.030941,274.5,0.09436143102689
275.0,0.03095,275.0,0.09438887851983599
275.5,0.030959,275.5,0.09441632601278199
276.0,0.030968,276.0,0.09444377350572798
276.5,0.030977,276.5,0.09447122099867399
277.0,0.03098601,277.0,0.09449869898883437
277.5,0.03099509,277.5,0.09452639045949543
278.0,0.03100461,278.0,0.09455542380758941
278.5,0.03101666,278.5,0.09459217295092268
279.0,0.03104116,279.0,0.09466689112616454
279.5,0.03111868,279.5,0.0949033055320727
280.0,0.03139051,280.0,0.0957323113106849
280.5,0.03227309,280.5,0.09842393445782661
281.0,0.03479318,281.0,0.10610950695763449
281.5,0.04102872,281.5,0.12512616697590842
282.0,0.0543097,282.0,0.16562945640545193
282.5,0.07851095,282.5,0.23943652736759025
283.0,0.11592103,283.0,0.3535268503574883
283.5,0.16426837,283.5,0.5009727696472204
284.0,0.21501518,284.0,0.6557364040368553
284.5,0.25525343,284.5,0.7784518577073171
285.0,0.27322448,285.0,0.8332585541636627
285.5,0.26417418,285.5,0.8056576602293146
286.0,0.23240292,286.0,0.7087641674809424
286.5,0.18829195,286.5,0.5742379966013905
287.0,0.14293354,287.0,0.43590748121066625
287.5,0.1040578,287.5,0.31734730349729856
288.0,0.07491717,288.0,0.22847649945653967
288.5,0.05534976,288.5,0.1688013496847198
289.0,0.0434528,289.0,0.1325189357204113
289.5,0.03688932,289.5,0.11250215005361412
290.0,0.03361326,290.0,0.10251107963798586
290.5,0.03214194,290.5,0.09802396349117472
291.0,0.03155201,291.0,0.09622484132299355
291.5,0.03134412,291.5,0.09559083473315548
292.0,0.03128296,292.0,0.09540431376998025
292.5,0.03127171,292.5,0.09537000440379777
293.0,0.03127549,293.0,0.09538153235083509
293.5,0.0312833,293.5,0.09540535067526933
294.0,0.03129205,294.0,0.09543203573785572
294.5,0.03130101,294.5,0.09545936124194415
295.0,0.03131,295.0,0.09548677823767576
295.5,0.031319,295.5,0.09551422573062177
296.0,0.031328,296.0,0.09554167322356777
296.5,0.031337,296.5,0.09556912071651374
297.0,0.031346,297.0,0.09559656820945975
297.5,0.031355,297.5,0.09562401570240575
298.0,0.031364,298.0,0.09565146319535175
298.5,0.031373,298.5,0.09567891068829773
299.0,0.031382,299.0,0.09570635818124373
299.5,0.031391,299.5,0.09573380567418972
300.0,0.0314,300.0,0.09576125316713571
300.5,0.031409,300.5,0.09578870066008172
301.0,0.031418,301.0,0.0958161481530277
301.5,0.031427,301.5,0.0958435956459737
302.0,0.031436,302.0,0.09587104313891968
302.5,0.031445,302.5,0.09589849063186569
303.0,0.031454,303.0,0.09592593812481169
303.5,0.031463,303.5,0.09595338561775767
304.0,0.031472,304.0,0.09598083311070367
304.5,0.031481,304.5,0.09600828060364967
305.0,0.03149,305.0,0.09603572809659565
305.5,0.031499,305.5,0.09606317558954165
306.0,0.031508,306.0,0.09609062308248766
306.5,0.031517,306.5,0.09611807057543366
307.0,0.031526,307.0,0.09614551806837963
307.5,0.031535,307.5,0.09617296556132564
308.0,0.031544,308.0,0.09620041305427163
308.5,0.031553,308.5,0.09622786054721762
309.0,0.031562,309.0,0.09625530804016362
309.5,0.031571,309.5,0.09628275553310961
310.0,0.03158,310.0,0.0963102030260556
310.5,0.031589,310.5,0.09633765051900159
311.0,0.031598,311.0,0.09636509801194759
311.5,0.031607,311.5,0.0963925455048936
312.0,0.031616,312.0,0.09641999299783957
312.5,0.031625,312.5,0.09644744049078557
313.0,0.031634,313.0,0.09647488798373158
313.5,0.031643,313.5,0.09650233547667755
314.0,0.031652,314.0,0.09652978296962356
314.5,0.031661,314.5,0.09655723046256956
315.0,0.03167,315.0,0.09658467795551554
315.5,0.031679,315.5,0.09661212544846154
316.0,0.031688,316.0,0.09663957294140754
316.5,0.031697,316.5,0.09666702043435353
317.0,0.031706,317.0,0.09669446792729952
317.5,0.031715,317.5,0.09672191542024552
318.0,0.031724,318.0,0.09674936291319151
318.5,0.031733,318.5,0.0967768104061375
319.0,0.031742,319.0,0.09680425789908349
319.5,0.031751,319.5,0.0968317053920295
320.0,0.03176,320.0,0.09685915288497547
320.5,0.031769,320.5,0.09688660037792148
321.0,0.031778,321.0,0.09691404787086748
321.5,0.031787,321.5,0.09694149536381348
322.0,0.031796,322.0,0.09696894285675946
322.5,0.031805,322.5,0.09699639034970546
323.0,0.031814,323.0,0.09702383784265146
323.5,0.031823,323.5,0.09705128533559744
324.0,0.031832,324.0,0.09707873282854344
324.5,0.031841,324.5,0.09710618032148945
325.0,0.03185,325.0,0.09713362781443544
325.5,0.031859,325.5,0.09716107530738143
326.0,0.031868,326.0,0.09718852280032743
326.5,0.031877,326.5,0.09721597029327342
327.0,0.031886,327.0,0.09724341778621941
327.5,0.031895,327.5,0.0972708652791654
328.0,0.031904,328.0,0.0972983127721114
328.5,0.031913,328.5,0.09732576026505739
329.0,0.031922,329.0,0.09735320775800338
329.5,0.031931,329.5,0.09738065525094938
330.0,0.03194,330.0,0.09740810274389539
330.5,0.031949,330.5,0.09743555023684136
331.0,0.031958,331.0,0.09746299772978737
331.5,0.031967,331.5,0.09749044522273337
332.0,0.031976,332.0,0.09751789271567934
332.5,0.031985,332.5,0.09754534020862535
333.0,0.031994,333.0,0.09757278770157135
333.5,0.032003,333.5,0.09760023519451733
334.0,0.032012,334.0,0.09762768268746333
334.5,0.032021,334.5,0.09765513018040933
335.0,0.03203,335.0,0.09768257767335532
335.5,0.032039,335.5,0.09771002516630131
336.0,0.032048,336.0,0.0977374726592473
336.5,0.032057,336.5,0.0977649201521933
337.0,0.032066,337.0,0.0977923676451393
337.5,0.032075,337.5,0.09781981513808528
338.0,0.032084,338.0,0.09784726263103129
338.5,0.032093,338.5,0.09787471012397729
339.0,0.032102,339.0,0.09790215761692327
339.5,0.032111,339.5,0.09792960510986927
340.0,0.03212,340.0,0.09795705260281527
340.5,0.032129,340.5,0.09798450009576125
341.0,0.032138,341.0,0.09801194758870725
341.5,0.032147,341.5,0.09803939508165326
342.0,0.032156,342.0,0.09806684257459923
342.5,0.032165,342.5,0.09809429006754523
343.0,0.032174,343.0,0.09812173756049124
343.5,0.032183,343.5,0.09814918505343723
344.0,0.032192,344.0,0.09817663254638322
344.5,0.032201,344.5,0.0982040800393292
345.0,0.03221,345.0,0.09823152753227521
345.5,0.032219,345.5,0.0982589750252212
346.0,0.032228,346.0,0.09828642251816719
346.5,0.032237,346.5,0.09831387001111319
347.0,0.032246,347.0,0.09834131750405917
347.5,0.032255,347.5,0.09836876499700517
348.0,0.032264,348.0,0.09839621248995117
348.5,0.032273,348.5,0.09842365998289718
349.0,0.032282,349.0,0.09845110747584315
349.5,0.032291,349.5,0.09847855496878916
350.0,0.0323,350.0,0.09850600246173516
350.5,0.032309,350.5,0.09853344995468113
351.0,0.032318,351.0,0.09856089744762714
351.5,0.032327,351.5,0.09858834494057314
352.0,0.032336,352.0,0.09861579243351912
352.5,0.032345,352.5,0.09864323992646512
353.0,0.032354,353.0,0.09867068741941111
353.5,0.032363,353.5,0.09869813491235711
354.0,0.032372,354.0,0.0987255824053031
354.5,0.032381,354.5,0.09875302989824909
355.0,0.03239,355.0,0.0987804773911951
355.5,0.032399,355.5,0.09880792488414107
356.0,0.032408,356.0,0.09883537237708707
356.5,0.032417,356.5,0.09886281987003308
357.0,0.032426,357.0,0.09889026736297908
357.5,0.032435,357.5,0.09891771485592506
358.0,0.032444,358.0,0.09894516234887106
358.5,0.032453,358.5,0.09897260984181706
359.0,0.032462,359.0,0.09900005733476304
359.5,0.032471,359.5,0.09902750482770904
360.0,0.03248,360.0,0.09905495232065505
360.5,0.032489,360.5,0.09908239981360102
361.0,0.032498,361.0,0.09910984730654702
361.5,0.032507,361.5,0.09913729479949301
362.0,0.032516,362.0,0.09916474229243902
362.5,0.032525,362.5,0.09919218978538501
363.0,0.032534,363.0,0.099219637278331
363.5,0.032543,363.5,0.099247084771277
364.0,0.032552,364.0,0.09927453226422298
364.5,0.032561,364.5,0.09930197975716898
365.0,0.03257,365.0,0.09932942725011498
365.5,0.032579,365.5,0.09935687474306096
366.0,0.032588,366.0,0.09938432223600696
366.5,0.032597,366.5,0.09941176972895296
367.0,0.032606,367.0,0.09943921722189897
367.5,0.032615,367.5,0.09946666471484494
368.0,0.032624,368.0,0.09949411220779095
368.5,0.032633,368.5,0.09952155970073695
369.0,0.032642,369.0,0.09954900719368293
369.5,0.032651,369.5,0.09957645468662893
370.0,0.03266,370.0,0.09960390217957492
370.5,0.032669,370.5,0.09963134967252091
371.0,0.032678,371.0,0.09965879716546691
371.5,0.032687,371.5,0.0996862446584129
372.0,0.032696,372.0,0.0997136921513589
372.5,0.032705,372.5,0.09974113964430488
373.0,0.032714,373.0,0.09976858713725088
373.5,0.032723,373.5,0.09979603463019689
374.0,0.032732,374.0,0.09982348212314286
374.5,0.032741,374.5,0.09985092961608887
375.0,0.03275,375.0,0.09987837710903487
375.5,0.032759,375.5,0.09990582460198087
376.0,0.032768,376.0,0.09993327209492685
376.5,0.032777,376.5,0.09996071958787285
377.0,0.032786,377.0,0.09998816708081885
377.5,0.032795,377.5,0.10001561457376483
378.0,0.032804,378.0,0.10004306206671083
378.5,0.032813,378.5,0.10007050955965682
379.0,0.032822,379.0,0.10009795705260281
379.5,0.032831,379.5,0.10012540454554882
380.0,0.03284,380.0,0.1001528520384948
380.5,0.032849,380.5,0.10018029953144081
381.0,0.032858,381.0,0.10020774702438678
381.5,0.032867,381.5,0.10023519451733279
382.0,0.032876,382.0,0.10026264201027879
382.5,0.032885,382.5,0.10029008950322477
383.0,0.032894,383.0,0.10031753699617077
383.5,0.032903,383.5,0.10034498448911677
384.0,0.032912,384.0,0.10037243198206275
384.5,0.032921,384.5,0.10039987947500875
385.0,0.03293,385.0,0.10042732696795476
385.5,0.032939,385.5,0.10045477446090076
386.0,0.032948,386.0,0.10048222195384673
386.5,0.032957,386.5,0.10050966944679274
387.0,0.032966,387.0,0.10053711693973874
387.5,0.032975,387.5,0.10056456443268472
388.0,0.032984,388.0,0.10059201192563072
388.5,0.032993,388.5,0.10061945941857671
389.0,0.033002,389.0,0.1006469069115227
389.5,0.033011,389.5,0.10067435440446869
390.0,0.03302,390.0,0.10070180189741469
390.5,0.033029,390.5,0.1007292493903607
391.0,0.033038,391.0,0.10075669688330667
391.5,0.033047,391.5,0.10078414437625267
392.0,0.033056,392.0,0.10081159186919868
392.5,0.033065,392.5,0.10083903936214465
393.0,0.033074,393.0,0.10086648685509066
393.5,0.033083,393.5,0.10089393434803666
394.0,0.033092,394.0,0.10092138184098266
394.5,0.033101,394.5,0.10094882933392864
395.0,0.03311,395.0,0.10097627682687464
395.5,0.033119,395.5,0.10100372431982065
396.0,0.033128,396.0,0.10103117181276662
396.5,0.033137,396.5,0.10105861930571262
397.0,0.033146,397.0,0.10108606679865861
397.5,0.033155,397.5,0.1011135142916046
398.0,0.033164,398.0,0.10114096178455059
398.5,0.033173,398.5,0.1011684092774966
399.0,0.033182,399.0,0.1011958567704426
399.5,0.033191,399.5,0.10122330426338857
400.0,0.0332,400.0,0.10125075175633458
400.5,0.033209,400.5,0.10127819924928058
401.0,0.033218,401.0,0.10130564674222656
401.5,0.033227,401.5,0.10133309423517256
402.0,0.033236,402.0,0.10136054172811856
402.5,0.033245,402.5,0.10138798922106454
403.0,0.033254,403.0,0.10141543671401054
403.5,0.033263,403.5,0.10144288420695655
404.0,0.033272,404.0,0.10147033169990255
404.5,0.033281,404.5,0.10149777919284853
405.0,0.03329,405.0,0.10152522668579453
405.5,0.033299,405.5,0.10155267417874052
406.0,0.033308,406.0,0.10158012167168651
406.5,0.033317,406.5,0.1016075691646325
407.0,0.033326,407.0,0.1016350166575785
407.5,0.033335,407.5,0.10166246415052449
408.0,0.033344,408.0,0.10168991164347048
408.5,0.033353,408.5,0.10171735913641648
409.0,0.033362,409.0,0.10174480662936249
409.5,0.033371,409.5,0.10177225412230846
410.0,0.03338,410.0,0.10179970161525446
410.5,0.033389,410.5,0.10182714910820047
411.0,0.033398,411.0,0.10185459660114644
411.5,0.033407,411.5,0.10188204409409245
412.0,0.033416,412.0,0.10190949158703845
412.5,0.033425,412.5,0.10193693907998445
413.0,0.033434,413.0,0.10196438657293043
413.5,0.033443,413.5,0.10199183406587643
414.0,0.033452,414.0,0.10201928155882242
414.5,0.033461,414.5,0.10204672905176841
415.0,0.03347,415.0,0.1020741765447144
415.5,0.033479,415.5,0.1021016240376604
416.0,0.033488,416.0,0.1021290715306064
416.5,0.033497,416.5,0.10215651902355238
417.0,0.033506,417.0,0.10218396651649839
417.5,0.033515,417.5,0.10221141400944439
418.0,0.033524,418.0,0.10223886150239037
418.5,0.033533,418.5,0.10226630899533637
419.0,0.033542,419.0,0.10229375648828237
419.5,0.033551,419.5,0.10232120398122835
420.0,0.03356,420.0,0.10234865147417435
420.5,0.033569,420.5,0.10237609896712035
421.0,0.033578,421.0,0.10240354646006633
421.5,0.033587,421.5,0.10243099395301233
422.0,0.033596,422.0,0.10245844144595834
422.5,0.033605,422.5,0.10248588893890433
423.0,0.033614,423.0,0.10251333643185032
423.5,0.033623,423.5,0.10254078392479632
424.0,0.033632,424.0,0.10256823141774231
424.5,0.033641,424.5,0.1025956789106883
425.0,0.03365,425.0,0.10262312640363429
425.5,0.033659,425.5,0.10265057389658029
426.0,0.033668,426.0,0.10267802138952627
426.5,0.033677,426.5,0.10270546888247227
427.0,0.033686,427.0,0.10273291637541827
427.5,0.033695,427.5,0.10276036386836428
428.0,0.033704,428.0,0.10278781136131025
428.5,0.033713,428.5,0.10281525885425626
429.0,0.033722,429.0,0.10284270634720226
429.5,0.033731,429.5,0.10287015384014823
430.0,0.03374,430.0,0.10289760133309424
430.5,0.033749,430.5,0.10292504882604024
431.0,0.033758,431.0,0.10295249631898623
431.5,0.033767,431.5,0.10297994381193222
432.0,0.033776,432.0,0.10300739130487822
432.5,0.033785,432.5,0.10303483879782421
433.0,0.033794,433.0,0.1030622862907702
433.5,0.033803,433.5,0.10308973378371619
434.0,0.033812,434.0,0.1031171812766622
434.5,0.033821,434.5,0.10314462876960817
435.0,0.03383,435.0,0.10317207626255417
435.5,0.033839,435.5,0.10319952375550018
436.0,0.033848,436.0,0.10322697124844618
436.5,0.033857,436.5,0.10325441874139216
437.0,0.033866,437.0,0.10328186623433816
437.5,0.033875,437.5,0.10330931372728416
438.0,0.033884,438.0,0.10333676122023014
438.5,0.033893,438.5,0.10336420871317614
439.0,0.033902,439.0,0.10339165620612215
439.5,0.033911,439.5,0.10341910369906812
440.0,0.03392,440.0,0.10344655119201412
440.5,0.033929,440.5,0.10347399868496013
441.0,0.033938,441.0,0.10350144617790612
441.5,0.033947,441.5,0.1035288936708521
442.0,0.033956,442.0,0.1035563411637981
442.5,0.033965,442.5,0.1035837886567441
443.0,0.033974,443.0,0.10361123614969008
443.5,0.033983,443.5,0.10363868364263608
444.0,0.033992,444.0,0.10366613113558208
444.5,0.034001,444.5,0.10369357862852809
445.0,0.03401,445.0,0.10372102612147406
445.5,0.034019,445.5,0.10374847361442006
446.0,0.034028,446.0,0.10377592110736607
446.5,0.034037,446.5,0.10380336860031204
447.0,0.034046,447.0,0.10383081609325805
447.5,0.034055,447.5,0.10385826358620405
448.0,0.034064,448.0,0.10388571107915003
448.5,0.034073,448.5,0.10391315857209603
449.0,0.034082,449.0,0.10394060606504203
449.5,0.034091,449.5,0.10396805355798802
450.0,0.0341,450.0,0.10399550105093401
450.5,0.034109,450.5,0.10402294854388
451.0,0.034118,451.0,0.104050396036826
451.5,0.034127,451.5,0.10407784352977198
452.0,0.034136,452.0,0.10410529102271798
452.5,0.034145,452.5,0.10413273851566399
453.0,0.034154,453.0,0.10416018600860996
453.5,0.034163,453.5,0.10418763350155597
454.0,0.034172,454.0,0.10421508099450197
454.5,0.034181,454.5,0.10424252848744797
455.0,0.03419,455.0,0.10426997598039395
455.5,0.034199,455.5,0.10429742347333995
456.0,0.034208,456.0,0.10432487096628595
456.5,0.034217,456.5,0.10435231845923193
457.0,0.034226,457.0,0.10437976595217793
457.5,0.034235,457.5,0.10440721344512394
458.0,0.034244,458.0,0.10443466093806991
458.5,0.034253,458.5,0.10446210843101592
459.0,0.034262,459.0,0.1044895559239619
459.5,0.034271,459.5,0.10451700341690791
460.0,0.03428,460.0,0.1045444509098539
460.5,0.034289,460.5,0.10457189840279989
461.0,0.034298,461.0,0.10459934589574589
461.5,0.034307,461.5,0.10462679338869187
462.0,0.034316,462.0,0.10465424088163787
462.5,0.034325,462.5,0.10468168837458387
463.0,0.034334,463.0,0.10470913586752988
463.5,0.034343,463.5,0.10473658336047585
464.0,0.034352,464.0,0.10476403085342186
464.5,0.034361,464.5,0.10479147834636786
465.0,0.03437,465.0,0.10481892583931383
465.5,0.034379,465.5,0.10484637333225984
466.0,0.034388,466.0,0.10487382082520584
466.5,0.034397,466.5,0.10490126831815182
467.0,0.034406,467.0,0.10492871581109782
467.5,0.034415,467.5,0.10495616330404381
468.0,0.034424,468.0,0.10498361079698981
468.5,0.034433,468.5,0.1050110582899358
469.0,0.034442,469.0,0.10503850578288179
469.5,0.034451,469.5,0.1050659532758278
470.0,0.03446,470.0,0.10509340076877377
470.5,0.034469,470.5,0.10512084826171977
471.0,0.034478,471.0,0.10514829575466578
471.5,0.034487,471.5,0.10517574324761175
472.0,0.034496,472.0,0.10520319074055776
472.5,0.034505,472.5,0.10523063823350376
473.0,0.034514,473.0,0.10525808572644976
473.5,0.034523,473.5,0.10528553321939574
474.0,0.034532,474.0,0.10531298071234174
474.5,0.034541,474.5,0.10534042820528774
475.0,0.03455,475.0,0.10536787569823372
475.5,0.034559,475.5,0.10539532319117972
476.0,0.034568,476.0,0.10542277068412571
476.5,0.034577,476.5,0.1054502181770717
477.0,0.034586,477.0,0.1054776656700177
477.5,0.034595,477.5,0.1055051131629637
478.0,0.034604,478.0,0.1055325606559097
478.5,0.034613,478.5,0.10556000814885567
479.0,0.034622,479.0,0.10558745564180168
479.5,0.034631,479.5,0.10561490313474768
480.0,0.03464,480.0,0.10564235062769366
480.5,0.034649,480.5,0.10566979812063966
481.0,0.034658,481.0,0.10569724561358566
481.5,0.034667,481.5,0.10572469310653167
482.0,0.034676,482.0,0.10575214059947764
482.5,0.034685,482.5,0.10577958809242365
483.0,0.034694,483.0,0.10580703558536965
483.5,0.034703,483.5,0.10583448307831562
484.0,0.034712,484.0,0.10586193057126163
484.5,0.034721,484.5,0.10588937806420762
485.0,0.03473,485.0,0.10591682555715361
485.5,0.034739,485.5,0.10594427305009961
486.0,0.034748,486.0,0.1059717205430456
486.5,0.034757,486.5,0.1059991680359916
487.0,0.034766,487.0,0.10602661552893758
487.5,0.034775,487.5,0.10605406302188358
488.0,0.034784,488.0,0.10608151051482959
488.5,0.034793,488.5,0.10610895800777556
489.0,0.034802,489.0,0.10613640550072156
489.5,0.034811,489.5,0.10616385299366757
490.0,0.03482,490.0,0.10619130048661354
490.5,0.034829,490.5,0.10621874797955955
491.0,0.034838,491.0,0.10624619547250555
491.5,0.034847,491.5,0.10627364296545155
492.0,0.034856,492.0,0.10630109045839753
492.5,0.034865,492.5,0.10632853795134353
493.0,0.034874,493.0,0.10635598544428952
493.5,0.034883,493.5,0.10638343293723551
494.0,0.034892,494.0,0.10641088043018151
494.5,0.034901,494.5,0.1064383279231275
495.0,0.03491,495.0,0.1064657754160735
495.5,0.034919,495.5,0.10649322290901948
496.0,0.034928,496.0,0.10652067040196549
496.5,0.034937,496.5,0.10654811789491149
497.0,0.034946,497.0,0.10657556538785747
497.5,0.034955,497.5,0.10660301288080347
498.0,0.034964,498.0,0.10663046037374947
498.5,0.034973,498.5,0.10665790786669545
499.0,0.034982,499.0,0.10668535535964145
499.5,0.034991,499.5,0.10671280285258745
500.0,0.035,500.0,0.10674025034553346
500.5,0.035009,500.5,0.10676769783847943
501.0,0.035018,501.0,0.10679514533142544
501.5,0.035027,501.5,0.10682259282437143
502.0,0.035036,502.0,0.10685004031731742
502.5,0.035045,502.5,0.10687748781026342
503.0,0.035054,503.0,0.10690493530320941
503.5,0.035063,503.5,0.1069323827961554
504.0,0.035072,504.0,0.10695983028910139
504.5,0.035081,504.5,0.10698727778204739
505.0,0.03509,505.0,0.1070147252749934
505.5,0.035099,505.5,0.10704217276793937
506.0,0.035108,506.0,0.10706962026088537
506.5,0.035117,506.5,0.10709706775383138
507.0,0.035126,507.0,0.10712451524677735
507.5,0.035135,507.5,0.10715196273972336
508.0,0.035144,508.0,0.10717941023266936
508.5,0.035153,508.5,0.10720685772561533
509.0,0.035162,509.0,0.10723430521856134
509.5,0.035171,509.5,0.10726175271150734
510.0,0.03518,510.0,0.10728920020445333
510.5,0.035189,510.5,0.10731664769739932
511.0,0.035198,511.0,0.10734409519034532
511.5,0.035207,511.5,0.10737154268329131
512.0,0.035216,512.0,0.1073989901762373
512.5,0.035225,512.5,0.10742643766918329
513.0,0.035234,513.0,0.1074538851621293
513.5,0.035243,513.5,0.10748133265507528
514.0,0.035252,514.0,0.10750878014802127
514.5,0.035261,514.5,0.10753622764096728
515.0,0.03527,515.0,0.10756367513391328
515.5,0.035279,515.5,0.10759112262685926
516.0,0.035288,516.0,0.10761857011980526
516.5,0.035297,516.5,0.10764601761275126
517.0,0.035306,517.0,0.10767346510569724
517.5,0.035315,517.5,0.10770091259864324
518.0,0.035324,518.0,0.10772836009158925
518.5,0.035333,518.5,0.10775580758453525
519.0,0.035342,519.0,0.10778325507748122
519.5,0.035351,519.5,0.10781070257042723
520.0,0.03536,520.0,0.10783815006337322
520.5,0.035369,520.5,0.1078655975563192
521.0,0.035378,521.0,0.1078930450492652
521.5,0.035387,521.5,0.1079204925422112
522.0,0.03539602,522.0,0.10794800102958596
522.5,0.03540508,522.5,0.10797563150581825
523.0,0.03541435,523.0,0.10800390242355262
523.5,0.03542442,523.5,0.10803461311843776
524.0,0.03543731,524.0,0.10807392402777931
524.5,0.0354594,524.5,0.10814129237435453
525.0,0.035509,525.0,0.10829255855770134
525.5,0.03563414,525.5,0.10867420069850821
526.0,0.03594925,526.0,0.10963519842097624
526.5,0.03670118,526.5,0.11192837546218529
527.0,0.03836877,527.0,0.11701406043571981
527.5,0.04177941,527.5,0.12741556236253382
528.0,0.04818662,528.0,0.14695576806014538
528.5,0.05920725,528.5,0.18056561963630244
529.0,0.0765015,529.0,0.23330826462310933
529.5,0.1011425,529.5,0.3084564505878033
530.0,0.1327885,530.0,0.4049679352287962
530.5,0.16898575,530.5,0.5153594645665065
531.0,0.20505328,531.0,0.6253553840392219
531.5,0.23487714,531.5,0.7163098492583688
532.0,0.25254157,532.0,0.7701814401272588
532.5,0.25423116,532.5,0.7753342189724391
533.0,0.23957162,533.0,0.7306267055567145
533.5,0.21176523,533.5,0.6458249618479848
534.0,0.17645417,534.0,0.538136065151809
534.5,0.13986288,534.5,0.4265428235784943
535.0,0.10705354,535.0,0.3264834759993022
535.5,0.08094233,535.5,0.2468515590785938
536.0,0.06224965,536.0,0.18984409214062387
536.5,0.05011728,536.5,0.1528437432524913
537.0,0.0429427,537.0,0.1309632728146611
537.5,0.03906486,537.5,0.11913694103180615
538.0,0.0371459,538.0,0.11328464758029003
538.5,0.03627664,538.5,0.11063364672270835
539.0,0.03591771,539.0,0.1095390102068077
539.5,0.0357848,539.5,0.10913367173042414
540.0,0.03574338,540.0,0.1090073522684438
540.5,0.03573585,540.5,0.10898438786601232
541.0,0.03573986,541.0,0.10899661724898048
541.5,0.03574747,541.5,0.10901982562912704
542.0,0.03575611,542.0,0.1090461752223552
542.5,0.03576502,542.5,0.10907334824037174
543.0,0.035774,543.0,0.10910073473888895
543.5,0.035783,543.5,0.10912818223183496
544.0,0.035792,544.0,0.10915562972478093
544.5,0.035801,544.5,0.10918307721772694
545.0,0.03581,545.0,0.10921052471067294
545.5,0.035819,545.5,0.10923797220361892
546.0,0.035828,546.0,0.10926541969656492
546.5,0.035837,546.5,0.10929286718951091
547.0,0.035846,547.0,0.10932031468245691
547.5,0.035855,547.5,0.1093477621754029
548.0,0.035864,548.0,0.10937520966834889
548.5,0.035873,548.5,0.1094026571612949
549.0,0.035882,549.0,0.10943010465424087
549.5,0.035891,549.5,0.10945755214718687
550.0,0.0359,550.0,0.10948499964013288
550.5,0.035909,550.5,0.10951244713307888
551.0,0.035918,551.0,0.10953989462602486
551.5,0.035927,551.5,0.10956734211897086
552.0,0.035936,552.0,0.10959478961191686
552.5,0.035945,552.5,0.10962223710486284
553.0,0.035954,553.0,0.10964968459780884
553.5,0.035963,553.5,0.10967713209075484
554.0,0.035972,554.0,0.10970457958370082
554.5,0.035981,554.5,0.10973202707664682
555.0,0.03599,555.0,0.10975947456959283
555.5,0.035999,555.5,0.10978692206253882
556.0,0.036008,556.0,0.1098143695554848
556.5,0.036017,556.5,0.1098418170484308
557.0,0.036026,557.0,0.1098692645413768
557.5,0.036035,557.5,0.10989671203432277
558.0,0.036044,558.0,0.10992415952726878
558.5,0.036053,558.5,0.10995160702021478
559.0,0.036062,559.0,0.10997905451316076
559.5,0.036071,559.5,0.11000650200610676
560.0,0.03608,560.0,0.11003394949905276
560.5,0.036089,560.5,0.11006139699199877
561.0,0.036098,561.0,0.11008884448494474
561.5,0.036107,561.5,0.11011629197789075
562.0,0.036116,562.0,0.11014373947083675
562.5,0.036125,562.5,0.11017118696378272
563.0,0.036134,563.0,0.11019863445672873
563.5,0.036143,563.5,0.11022608194967473
564.0,0.036152,564.0,0.1102535294426207
564.5,0.036161,564.5,0.11028097693556671
565.0,0.03617,565.0,0.1103084244285127
565.5,0.036179,565.5,0.1103358719214587
566.0,0.036188,566.0,0.11036331941440468
566.5,0.036197,566.5,0.11039076690735068
567.0,0.036206,567.0,0.11041821440029669
567.5,0.036215,567.5,0.11044566189324266
568.0,0.036224,568.0,0.11047310938618866
568.5,0.036233,568.5,0.11050055687913467
569.0,0.036242,569.0,0.11052800437208067
569.5,0.036251,569.5,0.11055545186502665
570.0,0.03626,570.0,0.11058289935797265
570.5,0.036269,570.5,0.11061034685091865
571.0,0.036278,571.0,0.11063779434386463
571.5,0.036287,571.5,0.11066524183681063
572.0,0.036296,572.0,0.11069268932975664
572.5,0.036305,572.5,0.11072013682270261
573.0,0.036314,573.0,0.11074758431564861
573.5,0.036323,573.5,0.1107750318085946
574.0,0.036332,574.0,0.11080247930154061
574.5,0.036341,574.5,0.11082992679448658
575.0,0.03635,575.0,0.11085737428743259
575.5,0.036359,575.5,0.11088482178037859
576.0,0.036368,576.0,0.11091226927332457
576.5,0.036377,576.5,0.11093971676627057
577.0,0.036386,577.0,0.11096716425921657
577.5,0.036395,577.5,0.11099461175216255
578.0,0.036404,578.0,0.11102205924510855
578.5,0.036413,578.5,0.11104950673805455
579.0,0.036422,579.0,0.11107695423100056
579.5,0.036431,579.5,0.11110440172394653
580.0,0.03644,580.0,0.11113184921689254
580.5,0.036449,580.5,0.11115929670983854
581.0,0.036458,581.0,0.11118674420278452
581.5,0.036467,581.5,0.11121419169573052
582.0,0.036476,582.0,0.11124163918867651
582.5,0.036485,582.5,0.1112690866816225
583.0,0.036494,583.0,0.1112965341745685
583.5,0.036503,583.5,0.11132398166751449
584.0,0.036512,584.0,0.1113514291604605
584.5,0.036521,584.5,0.11137887665340647
585.0,0.03653,585.0,0.11140632414635247
585.5,0.036539,585.5,0.11143377163929848
586.0,0.036548,586.0,0.11146121913224445
586.5,0.036557,586.5,0.11148866662519046
587.0,0.036566,587.0,0.11151611411813646
587.5,0.036575,587.5,0.11154356161108246
588.0,0.036584,588.0,0.11157100910402844
588.5,0.036593,588.5,0.11159845659697444
589.0,0.036602,589.0,0.11162590408992044
589.5,0.036611,589.5,0.11165335158286642
590.0,0.03662,590.0,0.11168079907581242
590.5,0.036629,590.5,0.11170824656875841
591.0,0.036638,591.0,0.1117356940617044
591.5,0.036647,591.5,0.1117631415546504
592.0,0.036656,592.0,0.1117905890475964
592.5,0.036665,592.5,0.1118180365405424
593.0,0.036674,593.0,0.11184548403348837
593.5,0.036683,593.5,0.11187293152643438
594.0,0.036692,594.0,0.11190037901938038
594.5,0.036701,594.5,0.11192782651232636
595.0,0.03671,595.0,0.11195527400527236
595.5,0.036719,595.5,0.11198272149821836
596.0,0.036728,596.0,0.11201016899116434
596.5,0.036737,596.5,0.11203761648411034
597.0,0.036746,597.0,0.11206506397705635
597.5,0.036755,597.5,0.11209251147000235
598.0,0.036764,598.0,0.11211995896294832
598.5,0.036773,598.5,0.11214740645589433
599.0,0.036782,599.0,0.11217485394884032
599.5,0.036791,599.5,0.1122023014417863
600.0,0.0368,600.0,0.11222974893473231
600.5,0.036809,600.5,0.1122571964276783
601.0,0.036818,601.0,0.11228464392062429
601.5,0.036827,601.5,0.11231209141357028
602.0,0.036836,602.0,0.11233953890651628
602.5,0.036845,602.5,0.11236698639946228
603.0,0.036854,603.0,0.11239443389240826
603.5,0.036863,603.5,0.11242188138535426
604.0,0.036872,604.0,0.11244932887830027
604.5,0.036881,604.5,0.11247677637124624
605.0,0.03689,605.0,0.11250422386419225
605.5,0.036899,605.5,0.11253167135713825
606.0,0.036908,606.0,0.11255911885008425
606.5,0.036917,606.5,0.11258656634303023
607.0,0.036926,607.0,0.11261401383597623
607.5,0.036935,607.5,0.11264146132892222
608.0,0.036944,608.0,0.11266890882186821
608.5,0.036953,608.5,0.11269635631481421
609.0,0.036962,609.0,0.1127238038077602
609.5,0.036971,609.5,0.11275125130070619
610.0,0.03698,610.0,0.11277869879365218
610.5,0.036989,610.5,0.11280614628659819
611.0,0.036998,611.0,0.11283359377954419
611.5,0.037007,611.5,0.11286104127249016
612.0,0.037016,612.0,0.11288848876543617
612.5,0.037025,612.5,0.11291593625838217
613.0,0.037034,613.0,0.11294338375132815
613.5,0.037043,613.5,0.11297083124427415
614.0,0.037052,614.0,0.11299827873722015
614.5,0.037061,614.5,0.11302572623016613
615.0,0.03707,615.0,0.11305317372311213
615.5,0.037079,615.5,0.11308062121605814
616.0,0.037088,616.0,0.11310806870900413
616.5,0.037097,616.5,0.11313551620195011
617.0,0.037106,617.0,0.11316296369489612
617.5,0.037115,617.5,0.11319041118784211
618.0,0.037124,618.0,0.1132178586807881
618.5,0.037133,618.5,0.11324530617373409
619.0,0.037142,619.0,0.11327275366668009
619.5,0.037151,619.5,0.1133002011596261
620.0,0.03716,620.0,0.11332764865257207
620.5,0.037169,620.5,0.11335509614551807
621.0,0.037178,621.0,0.11338254363846408
621.5,0.037187,621.5,0.11340999113141005
622.0,0.037196,622.0,0.11343743862435605
622.5,0.037205,622.5,0.11346488611730206
623.0,0.037214,623.0,0.11349233361024803
623.5,0.037223,623.5,0.11351978110319404
624.0,0.037232,624.0,0.11354722859614004
624.5,0.037241,624.5,0.11357467608908603
625.0,0.03725,625.0,0.11360212358203202
625.5,0.037259,625.5,0.11362957107497802
626.0,0.037268,626.0,0.11365701856792401
626.5,0.037277,626.5,0.11368446606087
627.0,0.037286,627.0,0.11371191355381599
627.5,0.037295,627.5,0.113739361046762
628.0,0.037304,628.0,0.11376680853970798
628.5,0.037313,628.5,0.11379425603265397
629.0,0.037322,629.0,0.11382170352559998
629.5,0.037331,629.5,0.11384915101854598
630.0,0.03734,630.0,0.11387659851149196
630.5,0.037349,630.5,0.11390404600443796
631.0,0.037358,631.0,0.11393149349738396
631.5,0.037367,631.5,0.11395894099032994
632.0,0.037376,632.0,0.11398638848327594
632.5,0.037385,632.5,0.11401383597622194
633.0,0.037394,633.0,0.11404128346916792
633.5,0.037403,633.5,0.11406873096211392
634.0,0.037412,634.0,0.11409617845505993
634.5,0.037421,634.5,0.11412362594800592
635.0,0.03743,635.0,0.1141510734409519
635.5,0.037439,635.5,0.1141785209338979
636.0,0.037448,636.0,0.1142059684268439
636.5,0.037457,636.5,0.11423341591978989
637.0,0.037466,637.0,0.11426086341273588
637.5,0.037475,637.5,0.11428831090568188
638.0,0.037484,638.0,0.11431575839862788
638.5,0.037493,638.5,0.11434320589157386
639.0,0.037502,639.0,0.11437065338451986
639.5,0.037511,639.5,0.11439810087746587
640.0,0.03752,640.0,0.11442554837041184
640.5,0.037529,640.5,0.11445299586335785
641.0,0.037538,641.0,0.11448044335630385
641.5,0.037547,641.5,0.11450789084924982
642.0,0.037556,642.0,0.11453533834219583
642.5,0.037565,642.5,0.11456278583514183
643.0,0.037574,643.0,0.11459023332808782
643.5,0.037583,643.5,0.11461768082103381
644.0,0.037592,644.0,0.1146451283139798
644.5,0.037601,644.5,0.1146725758069258
645.0,0.03761,645.0,0.11470002329987179
645.5,0.037619,645.5,0.11472747079281778
646.0,0.037628,646.0,0.11475491828576379
646.5,0.037637,646.5,0.11478236577870976
647.0,0.037646,647.0,0.11480981327165576
647.5,0.037655,647.5,0.11483726076460177
648.0,0.037664,648.0,0.11486470825754777
648.5,0.037673,648.5,0.11489215575049375
649.0,0.037682,649.0,0.11491960324343975
649.5,0.037691,649.5,0.11494705073638575
650.0,0.0377,650.0,0.11497449822933173
650.5,0.037709,650.5,0.11500194572227773
651.0,0.037718,651.0,0.11502939321522374
651.5,0.037727,651.5,0.11505684070816971
652.0,0.037736,652.0,0.11508428820111571
652.5,0.037745,652.5,0.1151117356940617
653.0,0.037754,653.0,0.11513918318700771
653.5,0.037763,653.5,0.1151666306799537
654.0,0.037772,654.0,0.11519407817289969
654.5,0.037781,654.5,0.11522152566584569
655.0,0.03779,655.0,0.11524897315879166
655.5,0.037799,655.5,0.11527642065173767
656.0,0.037808,656.0,0.11530386814468367
656.5,0.037817,656.5,0.11533131563762967
657.0,0.037826,657.0,0.11535876313057565
657.5,0.037835,657.5,0.11538621062352165
658.0,0.037844,658.0,0.11541365811646766
658.5,0.037853,658.5,0.11544110560941363
659.0,0.037862,659.0,0.11546855310235964
659.5,0.037871,659.5,0.11549600059530564
660.0,0.03788,660.0,0.11552344808825162
660.5,0.037889,660.5,0.11555089558119762
661.0,0.037898,661.0,0.11557834307414361
661.5,0.037907,661.5,0.11560579056708961
662.0,0.037916,662.0,0.1156332380600356
662.5,0.037925,662.5,0.11566068555298159
663.0,0.037934,663.0,0.1156881330459276
663.5,0.037943,663.5,0.11571558053887357
664.0,0.037952,664.0,0.11574302803181957
664.5,0.037961,664.5,0.11577047552476558
665.0,0.03797,665.0,0.11579792301771155
665.5,0.037979,665.5,0.11582537051065755
666.0,0.037988,666.0,0.11585281800360356
666.5,0.037997,666.5,0.11588026549654956
667.0,0.038006,667.0,0.11590771298949554
667.5,0.038015,667.5,0.11593516048244154
668.0,0.038024,668.0,0.11596260797538754
668.5,0.038033,668.5,0.11599005546833352
669.0,0.038042,669.0,0.11601750296127952
669.5,0.038051,669.5,0.11604495045422551
670.0,0.03806,670.0,0.1160723979471715
670.5,0.038069,670.5,0.1160998454401175
671.0,0.038078,671.0,0.1161272929330635
671.5,0.038087,671.5,0.1161547404260095
672.0,0.038096,672.0,0.11618218791895547
672.5,0.038105,672.5,0.11620963541190148
673.0,0.038114,673.0,0.11623708290484748
673.5,0.038123,673.5,0.11626453039779346
674.0,0.038132,674.0,0.11629197789073946
674.5,0.038141,674.5,0.11631942538368546
675.0,0.03815,675.0,0.11634687287663147
675.5,0.038159,675.5,0.11637432036957744
676.0,0.038168,676.0,0.11640176786252344
676.5,0.038177,676.5,0.11642921535546945
677.0,0.038186,677.0,0.11645666284841542
677.5,0.038195,677.5,0.11648411034136143
678.0,0.038204,678.0,0.11651155783430742
678.5,0.038213,678.5,0.1165390053272534
679.0,0.038222,679.0,0.11656645282019941
679.5,0.038231,679.5,0.1165939003131454
680.0,0.03824,680.0,0.1166213478060914
680.5,0.038249,680.5,0.11664879529903738
681.0,0.038258,681.0,0.11667624279198338
681.5,0.038267,681.5,0.11670369028492938
682.0,0.038276,682.0,0.11673113777787536
682.5,0.038285,682.5,0.11675858527082136
683.0,0.038294,683.0,0.11678603276376737
683.5,0.038303,683.5,0.11681348025671334
684.0,0.038312,684.0,0.11684092774965935
684.5,0.038321,684.5,0.11686837524260535
685.0,0.03833,685.0,0.11689582273555135
685.5,0.038339,685.5,0.11692327022849733
686.0,0.038348,686.0,0.11695071772144333
686.5,0.038357,686.5,0.11697816521438933
687.0,0.038366,687.0,0.11700561270733531
687.5,0.038375,687.5,0.11703306020028131
688.0,0.038384,688.0,0.1170605076932273
688.5,0.038393,688.5,0.11708795518617329
689.0,0.038402,689.0,0.11711540267911928
689.5,0.038411,689.5,0.11714285017206529
690.0,0.03842,690.0,0.11717029766501129
690.5,0.038429,690.5,0.11719774515795726
691.0,0.038438,691.0,0.11722519265090327
691.5,0.038447,691.5,0.11725264014384927
692.0,0.038456,692.0,0.11728008763679525
692.5,0.038465,692.5,0.11730753512974125
693.0,0.038474,693.0,0.11733498262268725
693.5,0.038483,693.5,0.11736243011563326
694.0,0.038492,694.0,0.11738987760857923
694.5,0.038501,694.5,0.11741732510152524
695.0,0.03851,695.0,0.11744477259447124
695.5,0.038519,695.5,0.11747222008741721
696.0,0.038528,696.0,0.11749966758036322
696.5,0.038537,696.5,0.11752711507330921
697.0,0.038546,697.0,0.1175545625662552
697.5,0.038555,697.5,0.11758201005920119
698.0,0.038564,698.0,0.11760945755214719
698.5,0.038573,698.5,0.11763690504509319
699.0,0.038582,699.0,0.11766435253803917
699.5,0.038591,699.5,0.11769180003098517
700.0,0.0386,700.0,0.11771924752393118
700.5,0.038609,700.5,0.11774669501687715
701.0,0.038618,701.0,0.11777414250982315
701.5,0.038627,701.5,0.11780159000276916
702.0,0.038636,702.0,0.11782903749571513
702.5,0.038645,702.5,0.11785648498866114
703.0,0.038654,703.0,0.11788393248160714
703.5,0.038663,703.5,0.11791137997455314
704.0,0.038672,704.0,0.11793882746749912
704.5,0.038681,704.5,0.11796627496044512
705.0,0.03869,705.0,0.11799372245339111
705.5,0.038699,705.5,0.1180211699463371
706.0,0.038708,706.0,0.11804861743928309
706.5,0.038717,706.5,0.1180760649322291
707.0,0.038726,707.0,0.11810351242517508
707.5,0.038735,707.5,0.11813095991812107
708.0,0.038744,708.0,0.11815840741106708
708.5,0.038753,708.5,0.11818585490401308
709.0,0.038762,709.0,0.11821330239695906
709.5,0.038771,709.5,0.11824074988990506
710.0,0.03878,710.0,0.11826819738285106
710.5,0.038789,710.5,0.11829564487579704
711.0,0.038798,711.0,0.11832309236874304
711.5,0.038807,711.5,0.11835053986168904
712.0,0.038816,712.0,0.11837798735463505
712.5,0.038825,712.5,0.11840543484758102
713.0,0.038834,713.0,0.11843288234052703
713.5,0.038843,713.5,0.11846032983347302
714.0,0.038852,714.0,0.118487777326419
714.5,0.038861,714.5,0.11851522481936501
715.0,0.03887,715.0,0.118542672312311
715.5,0.038879,715.5,0.11857011980525699
716.0,0.038888,716.0,0.11859756729820298
716.5,0.038897,716.5,0.11862501479114898
717.0,0.038906,717.0,0.11865246228409498
717.5,0.038915,717.5,0.11867990977704096
718.0,0.038924,718.0,0.11870735726998696
718.5,0.038933,718.5,0.11873480476293297
719.0,0.038942,719.0,0.11876225225587894
719.5,0.038951,719.5,0.11878969974882495
720.0,0.03896,720.0,0.11881714724177095
720.5,0.038969,720.5,0.11884459473471692
721.0,0.038978,721.0,0.11887204222766293
721.5,0.038987,721.5,0.11889948972060893
722.0,0.038996,722.0,0.11892693721355492
722.5,0.039005,722.5,0.11895438470650091
723.0,0.039014,723.0,0.11898183219944691
723.5,0.039023,723.5,0.1190092796923929
724.0,0.039032,724.0,0.11903672718533889
724.5,0.039041,724.5,0.11906417467828488
725.0,0.03905,725.0,0.11909162217123088
725.5,0.039059,725.5,0.11911906966417689
726.0,0.039068,726.0,0.11914651715712286
726.5,0.039077,726.5,0.11917396465006887
727.0,0.039086,727.0,0.11920141214301487
727.5,0.039095,727.5,0.11922885963596085
728.0,0.039104,728.0,0.11925630712890685
728.5,0.039113,728.5,0.11928375462185285
729.0,0.039122,729.0,0.11931120211479883
729.5,0.039131,729.5,0.11933864960774483
730.0,0.03914,730.0,0.11936609710069084
730.5,0.039149,730.5,0.11939354459363682
731.0,0.039158,731.0,0.11942099208658281
731.5,0.039167,731.5,0.11944843957952882
732.0,0.039176,732.0,0.1194758870724748
732.5,0.039185,732.5,0.1195033345654208
733.0,0.039194,733.0,0.11953078205836679
733.5,0.039203,733.5,0.11955822955131279
734.0,0.039212,734.0,0.11958567704425876
734.5,0.039221,734.5,0.11961312453720477
735.0,0.03923,735.0,0.11964057203015077
735.5,0.039239,735.5,0.11966801952309677
736.0,0.039248,736.0,0.11969546701604275
736.5,0.039257,736.5,0.11972291450898875
737.0,0.039266,737.0,0.11975036200193476
737.5,0.039275,737.5,0.11977780949488073
738.0,0.039284,738.0,0.11980525698782674
738.5,0.039293,738.5,0.11983270448077274
739.0,0.039302,739.0,0.11986015197371871
739.5,0.039311,739.5,0.11988759946666472
740.0,0.03932,740.0,0.11991504695961072
740.5,0.039329,740.5,0.11994249445255671
741.0,0.039338,741.0,0.1199699419455027
741.5,0.039347,741.5,0.11999738943844869
742.0,0.039356,742.0,0.1200248369313947
742.5,0.039365,742.5,0.12005228442434067
743.0,0.039374,743.0,0.12007973191728667
743.5,0.039383,743.5,0.12010717941023268
744.0,0.039392,744.0,0.12013462690317868
744.5,0.039401,744.5,0.12016207439612465
745.0,0.03941,745.0,0.12018952188907066
745.5,0.039419,745.5,0.12021696938201666
746.0,0.039428,746.0,0.12024441687496264
746.5,0.039437,746.5,0.12027186436790864
747.0,0.039446,747.0,0.12029931186085464
747.5,0.039455,747.5,0.12032675935380062
748.0,0.039464,748.0,0.12035420684674662
748.5,0.039473,748.5,0.12038165433969263
749.0,0.039482,749.0,0.12040910183263862
749.5,0.039491,749.5,0.1204365493255846
750.0,0.0395,750.0,0.1204639968185306
750.5,0.039509,750.5,0.1204914443114766
751.0,0.039518,751.0,0.12051889180442259
751.5,0.039527,751.5,0.12054633929736858
752.0,0.039536,752.0,0.12057378679031458
752.5,0.039545,752.5,0.12060123428326056
753.0,0.039554,753.0,0.12062868177620656
753.5,0.039563,753.5,0.12065612926915256
754.0,0.039572,754.0,0.12068357676209857
754.5,0.039581,754.5,0.12071102425504454
755.0,0.03959,755.0,0.12073847174799054
755.5,0.039599,755.5,0.12076591924093655
756.0,0.039608,756.0,0.12079336673388252
756.5,0.039617,756.5,0.12082081422682853
757.0,0.039626,757.0,0.12084826171977453
757.5,0.039635,757.5,0.1208757092127205
758.0,0.039644,758.0,0.12090315670566651
758.5,0.039653,758.5,0.1209306041986125
759.0,0.039662,759.0,0.1209580516915585
759.5,0.039671,759.5,0.12098549918450449
760.0,0.03968,760.0,0.12101294667745048
760.5,0.039689,760.5,0.12104039417039648
761.0,0.039698,761.0,0.12106784166334246
761.5,0.039707,761.5,0.12109528915628846
762.0,0.039716,762.0,0.12112273664923447
762.5,0.039725,762.5,0.12115018414218047
763.0,0.039734,763.0,0.12117763163512645
763.5,0.039743,763.5,0.12120507912807245
764.0,0.039752,764.0,0.12123252662101845
764.5,0.039761,764.5,0.12125997411396443
765.0,0.03977,765.0,0.12128742160691043
765.5,0.039779,765.5,0.12131486909985643
766.0,0.039788,766.0,0.12134231659280241
766.5,0.039797,766.5,0.12136976408574841
767.0,0.039806,767.0,0.1213972115786944
767.5,0.039815,767.5,0.1214246590716404
768.0,0.039824,768.0,0.1214521065645864
768.5,0.039833,768.5,0.12147955405753239
769.0,0.039842,769.0,0.12150700155047839
769.5,0.039851,769.5,0.12153444904342436
770.0,0.03986,770.0,0.12156189653637037
770.5,0.039869,770.5,0.12158934402931637
771.0,0.039878,771.0,0.12161679152226235
771.5,0.039887,771.5,0.12164423901520835
772.0,0.039896,772.0,0.12167168650815435
772.5,0.039905,772.5,0.12169913400110036
773.0,0.039914,773.0,0.12172658149404633
773.5,0.039923,773.5,0.12175402898699234
774.0,0.039932,774.0,0.12178147647993834
774.5,0.039941,774.5,0.12180892397288431
775.0,0.03995,775.0,0.12183637146583032
775.5,0.039959,775.5,0.12186381895877631
776.0,0.039968,776.0,0.1218912664517223
776.5,0.039977,776.5,0.1219187139446683
777.0,0.039986,777.0,0.12194616143761429
777.5,0.039995,777.5,0.12197360893056029
778.0,0.040004,778.0,0.12200105642350627
778.5,0.040013,778.5,0.12202850391645227
779.0,0.040022,779.0,0.12205595140939828
779.5,0.040031,779.5,0.12208339890234425
780.0,0.04004,780.0,0.12211084639529025
780.5,0.040049,780.5,0.12213829388823626
781.0,0.040058,781.0,0.12216574138118226
781.5,0.040067,781.5,0.12219318887412824
782.0,0.040076,782.0,0.12222063636707424
782.5,0.040085,782.5,0.12224808386002024
783.0,0.040094,783.0,0.12227553135296622
783.5,0.040103,783.5,0.12230297884591222
784.0,0.040112,784.0,0.12233042633885821
784.5,0.040121,784.5,0.1223578738318042
785.0,0.04013,785.0,0.1223853213247502
785.5,0.040139,785.5,0.1224127688176962
786.0,0.040148,786.0,0.1224402163106422
786.5,0.040157,786.5,0.12246766380358817
787.0,0.040166,787.0,0.12249511129653418
787.5,0.040175,787.5,0.12252255878948018
788.0,0.040184,788.0,0.12255000628242615
788.5,0.040193,788.5,0.12257745377537216
789.0,0.040202,789.0,0.12260490126831816
789.5,0.040211,789.5,0.12263234876126414
790.0,0.04022,790.0,0.12265979625421014
790.5,0.040229,790.5,0.12268724374715614
791.0,0.040238,791.0,0.12271469124010215
791.5,0.040247,791.5,0.12274213873304812
792.0,0.040256,792.0,0.12276958622599413
792.5,0.040265,792.5,0.12279703371894012
793.0,0.040274,793.0,0.1228244812118861
793.5,0.040283,793.5,0.12285192870483211
794.0,0.040292,794.0,0.1228793761977781
794.5,0.040301,794.5,0.12290682369072409
795.0,0.04031,795.0,0.12293427118367008
795.5,0.040319,795.5,0.12296171867661608
796.0,0.040328,796.0,0.12298916616956208
796.5,0.040337,796.5,0.12301661366250806
797.0,0.040346,797.0,0.12304406115545406
797.5,0.040355,797.5,0.12307150864840007
798.0,0.040364,798.0,0.12309895614134604
798.5,0.040373,798.5,0.12312640363429204
799.0,0.040382,799.0,0.12315385112723805
799.5,0.040391,799.5,0.12318129862018405
800.0,0.0404,800.0,0.12320874611313003
800.5,0.040409,800.5,0.12323619360607603
801.0,0.040418,801.0,0.12326364109902202
801.5,0.040427,801.5,0.12329108859196801
802.0,0.040436,802.0,0.12331853608491401
802.5,0.040445,802.5,0.12334598357786
803.0,0.040454,803.0,0.12337343107080599
803.5,0.040463,803.5,0.12340087856375198
804.0,0.040472,804.0,0.12342832605669798
804.5,0.040481,804.5,0.12345577354964399
805.0,0.04049,805.0,0.12348322104258996
805.5,0.040499,805.5,0.12351066853553597
806.0,0.040508,806.0,0.12353811602848197
806.5,0.040517,806.5,0.12356556352142795
807.0,0.040526,807.0,0.12359301101437395
807.5,0.040535,807.5,0.12362045850731995
808.0,0.040544,808.0,0.12364790600026593
808.5,0.040553,808.5,0.12367535349321193
809.0,0.040562,809.0,0.12370280098615793
809.5,0.040571,809.5,0.12373024847910392
810.0,0.04058,810.0,0.12375769597204991
810.5,0.040589,810.5,0.12378514346499592
811.0,0.040598,811.0,0.1238125909579419
811.5,0.040607,811.5,0.1238400384508879
812.0,0.040616,812.0,0.12386748594383389
812.5,0.040625,812.5,0.12389493343677989
813.0,0.040634,813.0,0.12392238092972589
813.5,0.040643,813.5,0.12394982842267187
814.0,0.040652,814.0,0.12397727591561787
814.5,0.040661,814.5,0.12400472340856387
815.0,0.04067,815.0,0.12403217090150985
815.5,0.040679,815.5,0.12405961839445585
816.0,0.040688,816.0,0.12408706588740186
816.5,0.040697,816.5,0.12411451338034783
817.0,0.040706,817.0,0.12414196087329384
817.5,0.040715,817.5,0.12416940836623984
818.0,0.040724,818.0,0.12419685585918584
818.5,0.040733,818.5,0.12422430335213182
819.0,0.040742,819.0,0.12425175084507782
819.5,0.040751,819.5,0.12427919833802381
820.0,0.04076,820.0,0.1243066458309698
820.5,0.040769,820.5,0.12433409332391579
821.0,0.040778,821.0,0.1243615408168618
821.5,0.040787,821.5,0.12438898830980778
822.0,0.040796,822.0,0.12441643580275377
822.5,0.040805,822.5,0.12444388329569978
823.0,0.040814,823.0,0.12447133078864578
823.5,0.040823,823.5,0.12449877828159175
824.0,0.040832,824.0,0.12452622577453776
824.5,0.040841,824.5,0.12455367326748376
825.0,0.04085,825.0,0.12458112076042974
825.5,0.040859,825.5,0.12460856825337574
826.0,0.040868,826.0,0.12463601574632174
826.5,0.040877,826.5,0.12466346323926772
827.0,0.040886,827.0,0.12469091073221372
827.5,0.040895,827.5,0.12471835822515973
828.0,0.040904,828.0,0.12474580571810572
828.5,0.040913,828.5,0.1247732532110517
829.0,0.040922,829.0,0.1248007007039977
829.5,0.040931,829.5,0.1248281481969437
830.0,0.04094,830.0,0.12485559568988969
830.5,0.040949,830.5,0.12488304318283568
831.0,0.040958,831.0,0.12491049067578168
831.5,0.040967,831.5,0.12493793816872768
832.0,0.040976,832.0,0.12496538566167366
832.5,0.040985,832.5,0.12499283315461966
833.0,0.040994,833.0,0.12502028064756565
833.5,0.041003,833.5,0.12504772814051165
834.0,0.041012,834.0,0.12507517563345763
834.5,0.041021,834.5,0.12510262312640363
835.0,0.04103,835.0,0.12513007061934964
835.5,0.041039,835.5,0.1251575181122956
836.0,0.041048,836.0,0.12518496560524162
836.5,0.041057,836.5,0.12521241309818762
837.0,0.041066,837.0,0.1252398605911336
837.5,0.041075,837.5,0.1252673080840796
838.0,0.041084,838.0,0.1252947555770256
838.5,0.041093,838.5,0.12532220306997158
839.0,0.041102,839.0,0.12534965056291758
839.5,0.041111,839.5,0.12537709805586358
840.0,0.04112,840.0,0.12540454554880956
840.5,0.041129,840.5,0.12543199304175556
841.0,0.041138,841.0,0.12545944053470157
841.5,0.041147,841.5,0.12548688802764757
842.0,0.041156,842.0,0.12551433552059355
842.5,0.041165,842.5,0.12554178301353955
843.0,0.041174,843.0,0.12556923050648555
843.5,0.041183,843.5,0.12559667799943153
844.0,0.041192,844.0,0.12562412549237753
844.5,0.041201,844.5,0.12565157298532353
845.0,0.04121,845.0,0.1256790204782695
845.5,0.041219,845.5,0.1257064679712155
846.0,0.041228,846.0,0.12573391546416152
846.5,0.041237,846.5,0.12576136295710752
847.0,0.041246,847.0,0.1257888104500535
847.5,0.041255,847.5,0.1258162579429995
848.0,0.041264,848.0,0.1258437054359455
848.5,0.041273,848.5,0.12587115292889148
849.0,0.041282,849.0,0.12589860042183748
849.5,0.041291,849.5,0.12592604791478348
850.0,0.0413,850.0,0.12595349540772946
850.5,0.041309,850.5,0.12598094290067546
851.0,0.041318,851.0,0.12600839039362144
851.5,0.041327,851.5,0.12603583788656744
852.0,0.041336,852.0,0.12606328537951345
852.5,0.041345,852.5,0.12609073287245942
853.0,0.041354,853.0,0.12611818036540542
853.5,0.041363,853.5,0.1261456278583514
854.0,0.041372,854.0,0.1261730753512974
854.5,0.041381,854.5,0.1262005228442434
855.0,0.04139,855.0,0.1262279703371894
855.5,0.041399,855.5,0.12625541783013539
856.0,0.041408,856.0,0.1262828653230814
856.5,0.041417,856.5,0.1263103128160274
857.0,0.041426,857.0,0.12633776030897337
857.5,0.041435,857.5,0.12636520780191937
858.0,0.041444,858.0,0.12639265529486537
858.5,0.041453,858.5,0.12642010278781135
859.0,0.041462,859.0,0.12644755028075735
859.5,0.041471,859.5,0.12647499777370336
860.0,0.04148,860.0,0.12650244526664936
860.5,0.041489,860.5,0.12652989275959534
861.0,0.041498,861.0,0.12655734025254134
861.5,0.041507,861.5,0.12658478774548734
862.0,0.041516,862.0,0.12661223523843332
862.5,0.041525,862.5,0.12663968273137932
863.0,0.041534,863.0,0.12666713022432532
863.5,0.041543,863.5,0.1266945777172713
864.0,0.041552,864.0,0.1267220252102173
864.5,0.041561,864.5,0.1267494727031633
865.0,0.04157,865.0,0.1267769201961093
865.5,0.041579,865.5,0.1268043676890553
866.0,0.041588,866.0,0.1268318151820013
866.5,0.041597,866.5,0.1268592626749473
867.0,0.041606,867.0,0.12688671016789327
867.5,0.041615,867.5,0.12691415766083927
868.0,0.041624,868.0,0.12694160515378525
868.5,0.041633,868.5,0.12696905264673125
869.0,0.041642,869.0,0.12699650013967725
869.5,0.041651,869.5,0.12702394763262323
870.0,0.04166,870.0,0.12705139512556923
870.5,0.041669,870.5,0.1270788426185152
871.0,0.041678,871.0,0.1271062901114612
871.5,0.041687,871.5,0.12713373760440722
872.0,0.041696,872.0,0.1271611850973532
872.5,0.041705,872.5,0.1271886325902992
873.0,0.041714,873.0,0.1272160800832452
873.5,0.041723,873.5,0.1272435275761912
874.0,0.041732,874.0,0.12727097506913718
874.5,0.041741,874.5,0.12729842256208318
875.0,0.04175,875.0,0.12732587005502918
875.5,0.041759,875.5,0.12735331754797516
876.0,0.041768,876.0,0.12738076504092116
876.5,0.041777,876.5,0.12740821253386717
877.0,0.041786,877.0,0.12743566002681314
877.5,0.041795,877.5,0.12746310751975914
878.0,0.041804,878.0,0.12749055501270515
878.5,0.041813,878.5,0.12751800250565115
879.0,0.041822,879.0,0.12754544999859713
879.5,0.041831,879.5,0.12757289749154313
880.0,0.04184,880.0,0.12760034498448913
880.5,0.041849,880.5,0.1276277924774351
881.0,0.041858,881.0,0.1276552399703811
881.5,0.041867,881.5,0.12768268746332712
882.0,0.041876,882.0,0.1277101349562731
882.5,0.041885,882.5,0.1277375824492191
883.0,0.041894,883.0,0.1277650299421651
883.5,0.041903,883.5,0.1277924774351111
884.0,0.041912,884.0,0.12781992492805708
884.5,0.041921,884.5,0.12784737242100308
885.0,0.04193,885.0,0.12787481991394906
885.5,0.041939,885.5,0.12790226740689506
886.0,0.041948,886.0,0.12792971489984106
886.5,0.041957,886.5,0.12795716239278704
887.0,0.041966,887.0,0.12798460988573304
887.5,0.041975,887.5,0.12801205737867902
888.0,0.041984,888.0,0.12803950487162502
888.5,0.041993,888.5,0.12806695236457102
889.0,0.042002,889.0,0.128094399857517
889.5,0.042011,889.5,0.128121847350463
890.0,0.04202,890.0,0.128149294843409
890.5,0.042029,890.5,0.12817674233635498
891.0,0.042038,891.0,0.12820418982930099
891.5,0.042047,891.5,0.128231637322247
892.0,0.042056,892.0,0.128259084815193
892.5,0.042065,892.5,0.12828653230813897
893.0,0.042074,893.0,0.12831397980108497
893.5,0.042083,893.5,0.12834142729403097
894.0,0.042092,894.0,0.12836887478697695
894.5,0.042101,894.5,0.12839632227992295
895.0,0.04211,895.0,0.12842376977286896
895.5,0.042119,895.5,0.12845121726581493
896.0,0.042128,896.0,0.12847866475876094
896.5,0.042137,896.5,0.12850611225170694
897.0,0.042146,897.0,0.12853355974465294
897.5,0.042155,897.5,0.12856100723759892
898.0,0.042164,898.0,0.12858845473054492
898.5,0.042173,898.5,0.12861590222349092
899.0,0.042182,899.0,0.1286433497164369
899.5,0.042191,899.5,0.1286707972093829
900.0,0.0422,900.0,0.1286982447023289
900.5,0.042209,900.5,0.1287256921952749
901.0,0.042218,901.0,0.12875313968822089
901.5,0.042227,901.5,0.1287805871811669
902.0,0.042236,902.0,0.1288080346741129
902.5,0.042245,902.5,0.12883548216705887
903.0,0.042254,903.0,0.12886292966000487
903.5,0.042263,903.5,0.12889037715295085
904.0,0.042272,904.0,0.12891782464589685
904.5,0.042281,904.5,0.12894527213884283
905.0,0.04229,905.0,0.12897271963178883
905.5,0.042299,905.5,0.12900016712473483
906.0,0.042308,906.0,0.1290276146176808
906.5,0.042317,906.5,0.1290550621106268
907.0,0.042326,907.0,0.12908250960357281
907.5,0.042335,907.5,0.1291099570965188
908.0,0.042344,908.0,0.1291374045894648
908.5,0.042353,908.5,0.1291648520824108
909.0,0.042362,909.0,0.12919229957535677
909.5,0.042371,909.5,0.12921974706830278
910.0,0.04238,910.0,0.12924719456124878
910.5,0.042389,910.5,0.12927464205419478
911.0,0.042398,911.0,0.12930208954714076
911.5,0.042407,911.5,0.12932953704008676
912.0,0.042416,912.0,0.12935698453303277
912.5,0.042425,912.5,0.12938443202597874
913.0,0.042434,913.0,0.12941187951892474
913.5,0.042443,913.5,0.12943932701187075
914.0,0.042452,914.0,0.12946677450481672
914.5,0.042461,914.5,0.12949422199776273
915.0,0.04247,915.0,0.12952166949070873
915.5,0.042479,915.5,0.12954911698365473
916.0,0.042488,916.0,0.1295765644766007
916.5,0.042497,916.5,0.1296040119695467
917.0,0.042506,917.0,0.12963145946249272
917.5,0.042515,917.5,0.1296589069554387
918.0,0.042524,918.0,0.1296863544483847
918.5,0.042533,918.5,0.1297138019413307
919.0,0.042542,919.0,0.1297412494342767
919.5,0.042551,919.5,0.12976869692722268
920.0,0.04256,920.0,0.12979614442016868
920.5,0.042569,920.5,0.12982359191311466
921.0,0.042578,921.0,0.12985103940606066
921.5,0.042587,921.5,0.12987848689900663
922.0,0.042596,922.0,0.12990593439195264
922.5,0.042605,922.5,0.12993338188489864
923.0,0.042614,923.0,0.12996082937784462
923.5,0.042623,923.5,0.12998827687079062
924.0,0.042632,924.0,0.13001572436373662
924.5,0.042641,924.5,0.1300431718566826
925.0,0.04265,925.0,0.1300706193496286
925.5,0.042659,925.5,0.1300980668425746
926.0,0.042668,926.0,0.13012551433552058
926.5,0.042677,926.5,0.13015296182846658
927.0,0.042686,927.0,0.1301804093214126
927.5,0.042695,927.5,0.13020785681435856
928.0,0.042704,928.0,0.13023530430730457
928.5,0.042713,928.5,0.13026275180025057
929.0,0.042722,929.0,0.13029019929319657
929.5,0.042731,929.5,0.13031764678614255
930.0,0.04274,930.0,0.13034509427908855
930.5,0.042749,930.5,0.13037254177203456
931.0,0.042758,931.0,0.13039998926498053
931.5,0.042767,931.5,0.13042743675792653
932.0,0.042776,932.0,0.13045488425087254
932.5,0.042785,932.5,0.1304823317438185
933.0,0.042794,933.0,0.13050977923676452
933.5,0.042803,933.5,0.13053722672971052
934.0,0.042812,934.0,0.13056467422265652
934.5,0.042821,934.5,0.1305921217156025
935.0,0.04283,935.0,0.1306195692085485
935.5,0.042839,935.5,0.1306470167014945
936.0,0.042848,936.0,0.13067446419444048
936.5,0.042857,936.5,0.13070191168738649
937.0,0.042866,937.0,0.1307293591803325
937.5,0.042875,937.5,0.13075680667327846
938.0,0.042884,938.0,0.13078425416622447
938.5,0.042893,938.5,0.13081170165917047
939.0,0.042902,939.0,0.13083914915211645
939.5,0.042911,939.5,0.13086659664506245
940.0,0.04292,940.0,0.13089404413800843
940.5,0.042929,940.5,0.13092149163095443
941.0,0.042938,941.0,0.1309489391239004
941.5,0.042947,941.5,0.1309763866168464
942.0,0.042956,942.0,0.1310038341097924
942.5,0.042965,942.5,0.13103128160273841
943.0,0.042974,943.0,0.1310587290956844
943.5,0.042983,943.5,0.1310861765886304
944.0,0.042992,944.0,0.1311136240815764
944.5,0.043001,944.5,0.13114107157452237
945.0,0.04301,945.0,0.13116851906746838
945.5,0.043019,945.5,0.13119596656041438
946.0,0.043028,946.0,0.13122341405336035
946.5,0.043037,946.5,0.13125086154630636
947.0,0.043046,947.0,0.13127830903925236
947.5,0.043055,947.5,0.13130575653219836
948.0,0.043064,948.0,0.13133320402514434
948.5,0.043073,948.5,0.13136065151809034
949.0,0.043082,949.0,0.13138809901103635
949.5,0.043091,949.5,0.13141554650398232
950.0,0.0431,950.0,0.13144299399692833
950.5,0.043109,950.5,0.13147044148987433
951.0,0.043118,951.0,0.1314978889828203
951.5,0.043127,951.5,0.1315253364757663
952.0,0.043136,952.0,0.1315527839687123
952.5,0.043145,952.5,0.13158023146165831
953.0,0.043154,953.0,0.1316076789546043
953.5,0.043163,953.5,0.1316351264475503
954.0,0.043172,954.0,0.1316625739404963
954.5,0.043181,954.5,0.13169002143344227
955.0,0.04319,955.0,0.13171746892638828
955.5,0.043199,955.5,0.13174491641933428
956.0,0.043208,956.0,0.13177236391228025
956.5,0.043217,956.5,0.13179981140522626
957.0,0.043226,957.0,0.13182725889817223
957.5,0.043235,957.5,0.13185470639111824
958.0,0.043244,958.0,0.1318821538840642
958.5,0.043253,958.5,0.13190960137701022
959.0,0.043262,959.0,0.13193704886995622
959.5,0.043271,959.5,0.1319644963629022
960.0,0.04328,960.0,0.1319919438558482
960.5,0.043289,960.5,0.1320193913487942
961.0,0.043298,961.0,0.1320468388417402
961.5,0.043307,961.5,0.13207428633468618
962.0,0.043316,962.0,0.13210173382763218
962.5,0.043325,962.5,0.1321291813205782
963.0,0.043334,963.0,0.13215662881352416
963.5,0.043343,963.5,0.13218407630647017
964.0,0.043352,964.0,0.13221152379941617
964.5,0.043361,964.5,0.13223897129236215
965.0,0.04337,965.0,0.13226641878530815
965.5,0.043379,965.5,0.13229386627825415
966.0,0.043388,966.0,0.13232131377120016
966.5,0.043397,966.5,0.13234876126414613
967.0,0.043406,967.0,0.13237620875709213
967.5,0.043415,967.5,0.13240365625003814
968.0,0.043424,968.0,0.1324311037429841
968.5,0.043433,968.5,0.13245855123593012
969.0,0.043442,969.0,0.13248599872887612
969.5,0.043451,969.5,0.1325134462218221
970.0,0.04346,970.0,0.1325408937147681
970.5,0.043469,970.5,0.1325683412077141
971.0,0.043478,971.0,0.1325957887006601
971.5,0.043487,971.5,0.13262323619360608
972.0,0.043496,972.0,0.13265068368655208
972.5,0.043505,972.5,0.1326781311794981
973.0,0.043514,973.0,0.13270557867244406
973.5,0.043523,973.5,0.13273302616539007
974.0,0.043532,974.0,0.13276047365833604
974.5,0.043541,974.5,0.13278792115128205
975.0,0.04355,975.0,0.13281536864422805
975.5,0.043559,975.5,0.13284281613717402
976.0,0.043568,976.0,0.13287026363012003
976.5,0.043577,976.5,0.132897711123066
977.0,0.043586,977.0,0.132925158616012
977.5,0.043595,977.5,0.132952606108958
978.0,0.043604,978.0,0.13298005360190399
978.5,0.043613,978.5,0.13300750109485
979.0,0.043622,979.0,0.133034948587796
979.5,0.043631,979.5,0.133062396080742
980.0,0.04364,980.0,0.13308984357368797
980.5,0.043649,980.5,0.13311729106663397
981.0,0.043658,981.0,0.13314473855957998
981.5,0.043667,981.5,0.13317218605252595
982.0,0.043676,982.0,0.13319963354547196
982.5,0.043685,982.5,0.13322708103841796
983.0,0.043694,983.0,0.13325452853136394
983.5,0.043703,983.5,0.13328197602430994
984.0,0.043712,984.0,0.13330942351725594
984.5,0.043721,984.5,0.13333687101020195
985.0,0.04373,985.0,0.13336431850314792
985.5,0.043739,985.5,0.13339176599609393
986.0,0.043748,986.0,0.13341921348903993
986.5,0.043757,986.5,0.1334466609819859
987.0,0.043766,987.0,0.1334741084749319
987.5,0.043775,987.5,0.1335015559678779
988.0,0.043784,988.0,0.1335290034608239
988.5,0.043793,988.5,0.1335564509537699
989.0,0.043802,989.0,0.1335838984467159
989.5,0.043811,989.5,0.1336113459396619
990.0,0.04382,990.0,0.13363879343260787
990.5,0.043829,990.5,0.13366624092555388
991.0,0.043838,991.0,0.13369368841849985
991.5,0.043847,991.5,0.13372113591144585
992.0,0.043856,992.0,0.13374858340439186
992.5,0.043865,992.5,0.13377603089733783
993.0,0.043874,993.0,0.13380347839028384
993.5,0.043883,993.5,0.1338309258832298
994.0,0.043892,994.0,0.13385837337617582
994.5,0.043901,994.5,0.13388582086912182
995.0,0.04391,995.0,0.1339132683620678
995.5,0.043919,995.5,0.1339407158550138
996.0,0.043928,996.0,0.1339681633479598
996.5,0.043937,996.5,0.13399561084090578
997.0,0.043946,997.0,0.13402305833385178
997.5,0.043955,997.5,0.13405050582679778
998.0,0.043964,998.0,0.1340779533197438
998.5,0.043973,998.5,0.13410540081268976
999.0,0.043982,999.0,0.13413284830563577
999.5,0.043991,999.5,0.13416029579858177
1000.0,0.044,1000.0,0.13418774329152774
1000.5,0.044009,1000.5,0.13421519078447375
1001.0,0.044018,1001.0,0.13424263827741975
1001.5,0.044027,1001.5,0.13427008577036573
1002.0,0.044036,1002.0,0.13429753326331173
1002.5,0.044045,1002.5,0.13432498075625773
1003.0,0.044054,1003.0,0.13435242824920374
1003.5,0.044063,1003.5,0.1343798757421497
1004.0,0.044072,1004.0,0.13440732323509572
1004.5,0.044081,1004.5,0.13443477072804172
1005.0,0.04409,1005.0,0.1344622182209877
1005.5,0.044099,1005.5,0.1344896657139337
1006.0,0.044108,1006.0,0.1345171132068797
1006.5,0.044117,1006.5,0.1345445606998257
1007.0,0.044126,1007.0,0.13457200819277168
1007.5,0.044135,1007.5,0.13459945568571768
1008.0,0.044144,1008.0,0.13462690317866366
1008.5,0.044153,1008.5,0.13465435067160966
1009.0,0.044162,1009.0,0.13468179816455567
1009.5,0.044171,1009.5,0.13470924565750164
1010.0,0.04418,1010.0,0.13473669315044765
1010.5,0.044189,1010.5,0.13476414064339362
1011.0,0.044198,1011.0,0.13479158813633962
1011.5,0.044207,1011.5,0.13481903562928563
1012.0,0.044216,1012.0,0.1348464831222316
1012.5,0.044225,1012.5,0.1348739306151776
1013.0,0.044234,1013.0,0.1349013781081236
1013.5,0.044243,1013.5,0.13492882560106959
1014.0,0.044252,1014.0,0.1349562730940156
1014.5,0.044261,1014.5,0.1349837205869616
1015.0,0.04427,1015.0,0.13501116807990757
1015.5,0.044279,1015.5,0.13503861557285357
1016.0,0.044288,1016.0,0.13506606306579957
1016.5,0.044297,1016.5,0.13509351055874558
1017.0,0.044306,1017.0,0.13512095805169155
1017.5,0.044315,1017.5,0.13514840554463756
1018.0,0.044324,1018.0,0.13517585303758356
1018.5,0.044333,1018.5,0.13520330053052954
1019.0,0.044342,1019.0,0.13523074802347554
1019.5,0.044351,1019.5,0.13525819551642154
1020.0,0.04436,1020.0,0.13528564300936752
1020.5,0.044369,1020.5,0.13531309050231352
1021.0,0.044378,1021.0,0.13534053799525952
1021.5,0.044387,1021.5,0.13536798548820553
1022.0,0.044396,1022.0,0.1353954329811515
1022.5,0.044405,1022.5,0.1354228804740975
1023.0,0.044414,1023.0,0.1354503279670435
1023.5,0.044423,1023.5,0.13547777545998949
1024.0,0.044432,1024.0,0.1355052229529355
1024.5,0.044441,1024.5,0.1355326704458815
1025.0,0.04445,1025.0,0.1355601179388275
1025.5,0.044459,1025.5,0.13558756543177347
1026.0,0.044468,1026.0,0.13561501292471947
1026.5,0.044477,1026.5,0.13564246041766545
1027.0,0.044486,1027.0,0.13566990791061145
1027.5,0.044495,1027.5,0.13569735540355743
1028.0,0.044504,1028.0,0.13572480289650343
1028.5,0.044513,1028.5,0.13575225038944944
1029.0,0.044522,1029.0,0.1357796978823954
1029.5,0.044531,1029.5,0.13580714537534141
1030.0,0.04454,1030.0,0.13583459286828742
1030.5,0.044549,1030.5,0.1358620403612334
1031.0,0.044558,1031.0,0.1358894878541794
1031.5,0.044567,1031.5,0.1359169353471254
1032.0,0.044576,1032.0,0.13594438284007138
1032.5,0.044585,1032.5,0.13597183033301738
1033.0,0.044594,1033.0,0.13599927782596338
1033.5,0.044603,1033.5,0.13602672531890936
1034.0,0.044612,1034.0,0.13605417281185536
1034.5,0.044621,1034.5,0.13608162030480137
1035.0,0.04463,1035.0,0.13610906779774737
1035.5,0.044639,1035.5,0.13613651529069334
1036.0,0.044648,1036.0,0.13616396278363935
1036.5,0.044657,1036.5,0.13619141027658535
1037.0,0.044666,1037.0,0.13621885776953133
1037.5,0.044675,1037.5,0.13624630526247733
1038.0,0.044684,1038.0,0.13627375275542333
1038.5,0.044693,1038.5,0.1363012002483693
1039.0,0.044702,1039.0,0.1363286477413153
1039.5,0.044711,1039.5,0.13635609523426132
1040.0,0.04472,1040.0,0.13638354272720732
1040.5,0.044729,1040.5,0.1364109902201533
1041.0,0.044738,1041.0,0.1364384377130993
1041.5,0.044747,1041.5,0.1364658852060453
1042.0,0.044756,1042.0,0.13649333269899128
1042.5,0.044765,1042.5,0.13652078019193728
1043.0,0.044774,1043.0,0.13654822768488328
1043.5,0.044783,1043.5,0.13657567517782926
1044.0,0.044792,1044.0,0.13660312267077526
1044.5,0.044801,1044.5,0.13663057016372124
1045.0,0.04481,1045.0,0.13665801765666724
1045.5,0.044819,1045.5,0.13668546514961324
1046.0,0.044828,1046.0,0.13671291264255922
1046.5,0.044837,1046.5,0.13674036013550522
1047.0,0.044846,1047.0,0.1367678076284512
1047.5,0.044855,1047.5,0.1367952551213972
1048.0,0.044864,1048.0,0.1368227026143432
1048.5,0.044873,1048.5,0.1368501501072892
1049.0,0.044882,1049.0,0.13687759760023518
1049.5,0.044891,1049.5,0.1369050450931812
1050.0,0.0449,1050.0,0.1369324925861272
1050.5,0.044909,1050.5,0.13695994007907317
1051.0,0.044918,1051.0,0.13698738757201917
1051.5,0.044927,1051.5,0.13701483506496517
1052.0,0.044936,1052.0,0.13704228255791115
1052.5,0.044945,1052.5,0.13706973005085715
1053.0,0.044954,1053.0,0.13709717754380316
1053.5,0.044963,1053.5,0.13712462503674916
1054.0,0.044972,1054.0,0.13715207252969513
1054.5,0.044981,1054.5,0.13717952002264114
1055.0,0.04499,1055.0,0.13720696751558714
1055.5,0.044999,1055.5,0.13723441500853312
1056.0,0.045008,1056.0,0.13726186250147912
1056.5,0.045017,1056.5,0.13728930999442512
1057.0,0.045026,1057.0,0.1373167574873711
1057.5,0.045035,1057.5,0.1373442049803171
1058.0,0.045044,1058.0,0.1373716524732631
1058.5,0.045053,1058.5,0.1373990999662091
1059.0,0.045062,1059.0,0.13742654745915509
1059.5,0.045071,1059.5,0.1374539949521011
1060.0,0.04508,1060.0,0.1374814424450471
1060.5,0.045089,1060.5,0.13750888993799307
1061.0,0.045098,1061.0,0.13753633743093907
1061.5,0.045107,1061.5,0.13756378492388507
1062.0,0.045116,1062.0,0.13759123241683105
1062.5,0.045125,1062.5,0.13761867990977705
1063.0,0.045134,1063.0,0.13764612740272303
1063.5,0.045143,1063.5,0.13767357489566903
1064.0,0.045152,1064.0,0.137701022388615
1064.5,0.045161,1064.5,0.137728469881561
1065.0,0.04517,1065.0,0.13775591737450701
1065.5,0.045179,1065.5,0.137783364867453
1066.0,0.045188,1066.0,0.137810812360399
1066.5,0.045197,1066.5,0.137838259853345
1067.0,0.045206,1067.0,0.137865707346291
1067.5,0.045215,1067.5,0.13789315483923698
1068.0,0.045224,1068.0,0.13792060233218298
1068.5,0.045233,1068.5,0.13794804982512898
1069.0,0.045242,1069.0,0.13797549731807496
1069.5,0.045251,1069.5,0.13800294481102096
1070.0,0.04526,1070.0,0.13803039230396696
1070.5,0.045269,1070.5,0.13805783979691294
1071.0,0.045278,1071.0,0.13808528728985894
1071.5,0.045287,1071.5,0.13811273478280495
1072.0,0.045296,1072.0,0.13814018227575095
1072.5,0.045305,1072.5,0.13816762976869693
1073.0,0.045314,1073.0,0.13819507726164293
1073.5,0.045323,1073.5,0.13822252475458893
1074.0,0.045332,1074.0,0.1382499722475349
1074.5,0.045341,1074.5,0.1382774197404809
1075.0,0.04535,1075.0,0.13830486723342691
1075.5,0.045359,1075.5,0.1383323147263729
1076.0,0.045368,1076.0,0.1383597622193189
1076.5,0.045377,1076.5,0.1383872097122649
1077.0,0.045386,1077.0,0.1384146572052109
1077.5,0.045395,1077.5,0.13844210469815688
1078.0,0.045404,1078.0,0.13846955219110288
1078.5,0.045413,1078.5,0.13849699968404888
1079.0,0.045422,1079.0,0.13852444717699486
1079.5,0.045431,1079.5,0.13855189466994086
1080.0,0.04544,1080.0,0.13857934216288684
1080.5,0.045449,1080.5,0.13860678965583284
1081.0,0.045458,1081.0,0.13863423714877882
1081.5,0.045467,1081.5,0.13866168464172482
1082.0,0.045476,1082.0,0.13868913213467082
1082.5,0.045485,1082.5,0.1387165796276168
1083.0,0.045494,1083.0,0.1387440271205628
1083.5,0.045503,1083.5,0.1387714746135088
1084.0,0.045512,1084.0,0.13879892210645478
1084.5,0.045521,1084.5,0.13882636959940078
1085.0,0.04553,1085.0,0.1388538170923468
1085.5,0.045539,1085.5,0.1388812645852928
1086.0,0.045548,1086.0,0.13890871207823877
1086.5,0.045557,1086.5,0.13893615957118477
1087.0,0.045566,1087.0,0.13896360706413077
1087.5,0.045575,1087.5,0.13899105455707675
1088.0,0.045584,1088.0,0.13901850205002275
1088.5,0.045593,1088.5,0.13904594954296876
1089.0,0.045602,1089.0,0.13907339703591473
1089.5,0.045611,1089.5,0.13910084452886073
1090.0,0.04562,1090.0,0.13912829202180674
1090.5,0.045629,1090.5,0.13915573951475274
1091.0,0.045638,1091.0,0.13918318700769872
1091.5,0.045647,1091.5,0.13921063450064472
1092.0,0.045656,1092.0,0.13923808199359072
1092.5,0.045665,1092.5,0.1392655294865367
1093.0,0.045674,1093.0,0.1392929769794827
1093.5,0.045683,1093.5,0.1393204244724287
1094.0,0.045692,1094.0,0.1393478719653747
1094.5,0.045701,1094.5,0.13937531945832068
1095.0,0.04571,1095.0,0.1394027669512667
1095.5,0.045719,1095.5,0.1394302144442127
1096.0,0.045728,1096.0,0.13945766193715867
1096.5,0.045737,1096.5,0.13948510943010467
1097.0,0.045746,1097.0,0.13951255692305065
1097.5,0.045755,1097.5,0.13954000441599665
1098.0,0.045764,1098.0,0.13956745190894265
1098.5,0.045773,1098.5,0.13959489940188863
1099.0,0.045782,1099.0,0.13962234689483463
1099.5,0.045791,1099.5,0.1396497943877806
1100.0,0.0458,1100.0,0.1396772418807266
1100.5,0.045809,1100.5,0.1397046893736726
1101.0,0.045818,1101.0,0.1397321368666186
1101.5,0.045827,1101.5,0.1397595843595646
1102.0,0.045836,1102.0,0.1397870318525106
1102.5,0.045845,1102.5,0.13981447934545657
1103.0,0.045854,1103.0,0.13984192683840257
1103.5,0.045863,1103.5,0.13986937433134858
1104.0,0.045872,1104.0,0.13989682182429458
1104.5,0.045881,1104.5,0.13992426931724056
1105.0,0.04589,1105.0,0.13995171681018656
1105.5,0.045899,1105.5,0.13997916430313256
1106.0,0.045908,1106.0,0.14000661179607854
1106.5,0.045917,1106.5,0.14003405928902454
1107.0,0.045926,1107.0,0.14006150678197055
1107.5,0.045935,1107.5,0.14008895427491652
1108.0,0.045944,1108.0,0.14011640176786253
1108.5,0.045953,1108.5,0.14014384926080853
1109.0,0.045962,1109.0,0.14017129675375453
1109.5,0.045971,1109.5,0.1401987442467005
1110.0,0.04598,1110.0,0.1402261917396465
1110.5,0.045989,1110.5,0.14025363923259251
1111.0,0.045998,1111.0,0.1402810867255385
1111.5,0.046007,1111.5,0.1403085342184845
1112.0,0.046016,1112.0,0.1403359817114305
1112.5,0.046025,1112.5,0.1403634292043765
1113.0,0.046034,1113.0,0.14039087669732248
1113.5,0.046043,1113.5,0.14041832419026848
1114.0,0.046052,1114.0,0.14044577168321445
1114.5,0.046061,1114.5,0.14047321917616046
1115.0,0.04607,1115.0,0.14050066666910646
1115.5,0.046079,1115.5,0.14052811416205244
1116.0,0.046088,1116.0,0.14055556165499844
1116.5,0.046097,1116.5,0.14058300914794442
1117.0,0.046106,1117.0,0.14061045664089042
1117.5,0.046115,1117.5,0.14063790413383642
1118.0,0.046124,1118.0,0.1406653516267824
1118.5,0.046133,1118.5,0.1406927991197284
1119.0,0.046142,1119.0,0.1407202466126744
1119.5,0.046151,1119.5,0.14074769410562038
1120.0,0.04616,1120.0,0.14077514159856638
1120.5,0.046169,1120.5,0.1408025890915124
1121.0,0.046178,1121.0,0.14083003658445836
1121.5,0.046187,1121.5,0.14085748407740437
1122.0,0.046196,1122.0,0.14088493157035037
1122.5,0.046205,1122.5,0.14091237906329637
1123.0,0.046214,1123.0,0.14093982655624235
1123.5,0.046223,1123.5,0.14096727404918835
1124.0,0.046232,1124.0,0.14099472154213435
1124.5,0.046241,1124.5,0.14102216903508033
1125.0,0.04625,1125.0,0.14104961652802633
1125.5,0.046259,1125.5,0.14107706402097234
1126.0,0.046268,1126.0,0.1411045115139183
1126.5,0.046277,1126.5,0.14113195900686432
1127.0,0.046286,1127.0,0.14115940649981032
1127.5,0.046295,1127.5,0.14118685399275632
1128.0,0.046304,1128.0,0.1412143014857023
1128.5,0.046313,1128.5,0.1412417489786483
1129.0,0.046322,1129.0,0.1412691964715943
1129.5,0.046331,1129.5,0.14129664396454028
1130.0,0.04634,1130.0,0.14132409145748628
1130.5,0.046349,1130.5,0.1413515389504323
1131.0,0.046358,1131.0,0.14137898644337826
1131.5,0.046367,1131.5,0.14140643393632427
1132.0,0.046376,1132.0,0.14143388142927027
1132.5,0.046385,1132.5,0.14146132892221625
1133.0,0.046394,1133.0,0.14148877641516225
1133.5,0.046403,1133.5,0.14151622390810822
1134.0,0.046412,1134.0,0.14154367140105423
1134.5,0.046421,1134.5,0.14157111889400023
1135.0,0.04643,1135.0,0.1415985663869462
1135.5,0.046439,1135.5,0.1416260138798922
1136.0,0.046448,1136.0,0.1416534613728382
1136.5,0.046457,1136.5,0.1416809088657842
1137.0,0.046466,1137.0,0.1417083563587302
1137.5,0.046475,1137.5,0.1417358038516762
1138.0,0.046484,1138.0,0.14176325134462217
1138.5,0.046493,1138.5,0.14179069883756817
1139.0,0.046502,1139.0,0.14181814633051418
1139.5,0.046511,1139.5,0.14184559382346015
1140.0,0.04652,1140.0,0.14187304131640616
1140.5,0.046529,1140.5,0.14190048880935216
1141.0,0.046538,1141.0,0.14192793630229816
1141.5,0.046547,1141.5,0.14195538379524414
1142.0,0.046556,1142.0,0.14198283128819014
1142.5,0.046565,1142.5,0.14201027878113615
1143.0,0.046574,1143.0,0.14203772627408212
1143.5,0.046583,1143.5,0.14206517376702812
1144.0,0.046592,1144.0,0.14209262125997413
1144.5,0.046601,1144.5,0.1421200687529201
1145.0,0.04661,1145.0,0.1421475162458661
1145.5,0.046619,1145.5,0.1421749637388121
1146.0,0.046628,1146.0,0.1422024112317581
1146.5,0.046637,1146.5,0.1422298587247041
1147.0,0.046646,1147.0,0.1422573062176501
1147.5,0.046655,1147.5,0.1422847537105961
1148.0,0.046664,1148.0,0.14231220120354207
1148.5,0.046673,1148.5,0.14233964869648807
1149.0,0.046682,1149.0,0.14236709618943408
1149.5,0.046691,1149.5,0.14239454368238005
1150.0,0.0467,1150.0,0.14242199117532606
1150.5,0.046709,1150.5,0.14244943866827203
1151.0,0.046718,1151.0,0.14247688616121804
1151.5,0.046727,1151.5,0.14250433365416404
1152.0,0.046736,1152.0,0.14253178114711001
1152.5,0.046745,1152.5,0.14255922864005602
1153.0,0.046754,1153.0,0.142586676133002
1153.5,0.046763,1153.5,0.142614123625948
1154.0,0.046772,1154.0,0.142641571118894
1154.5,0.046781,1154.5,0.14266901861184
1155.0,0.04679,1155.0,0.14269646610478598
1155.5,0.046799,1155.5,0.14272391359773198
1156.0,0.046808,1156.0,0.142751361090678
1156.5,0.046817,1156.5,0.14277880858362396
1157.0,0.046826,1157.0,0.14280625607656997
1157.5,0.046835,1157.5,0.14283370356951597
1158.0,0.046844,1158.0,0.14286115106246194
1158.5,0.046853,1158.5,0.14288859855540795
1159.0,0.046862,1159.0,0.14291604604835395
1159.5,0.046871,1159.5,0.14294349354129995
1160.0,0.04688,1160.0,0.14297094103424593
1160.5,0.046889,1160.5,0.14299838852719193
1161.0,0.046898,1161.0,0.14302583602013794
1161.5,0.046907,1161.5,0.1430532835130839
1162.0,0.046916,1162.0,0.14308073100602992
1162.5,0.046925,1162.5,0.14310817849897592
1163.0,0.046934,1163.0,0.1431356259919219
1163.5,0.046943,1163.5,0.1431630734848679
1164.0,0.046952,1164.0,0.1431905209778139
1164.5,0.046961,1164.5,0.1432179684707599
1165.0,0.04697,1165.0,0.14324541596370588
1165.5,0.046979,1165.5,0.14327286345665188
1166.0,0.046988,1166.0,0.1433003109495979
1166.5,0.046997,1166.5,0.14332775844254386
1167.0,0.047006,1167.0,0.14335520593548987
1167.5,0.047015,1167.5,0.14338265342843584
1168.0,0.047024,1168.0,0.14341010092138184
1168.5,0.047033,1168.5,0.14343754841432785
1169.0,0.047042,1169.0,0.14346499590727382
1169.5,0.047051,1169.5,0.14349244340021983
1170.0,0.04706,1170.0,0.1435198908931658
1170.5,0.047069,1170.5,0.1435473383861118
1171.0,0.047078,1171.0,0.1435747858790578
1171.5,0.047087,1171.5,0.14360223337200378
1172.0,0.047096,1172.0,0.1436296808649498
1172.5,0.047105,1172.5,0.1436571283578958
1173.0,0.047114,1173.0,0.1436845758508418
1173.5,0.047123,1173.5,0.14371202334378777
1174.0,0.047132,1174.0,0.14373947083673377
1174.5,0.047141,1174.5,0.14376691832967978
1175.0,0.04715,1175.0,0.14379436582262575
1175.5,0.047159,1175.5,0.14382181331557176
1176.0,0.047168,1176.0,0.14384926080851776
1176.5,0.047177,1176.5,0.14387670830146373
1177.0,0.047186,1177.0,0.14390415579440974
1177.5,0.047195,1177.5,0.14393160328735574
1178.0,0.047204,1178.0,0.14395905078030174
1178.5,0.047213,1178.5,0.14398649827324772
1179.0,0.047222,1179.0,0.14401394576619372
1179.5,0.047231,1179.5,0.14404139325913973
1180.0,0.04724,1180.0,0.1440688407520857
1180.5,0.047249,1180.5,0.1440962882450317
1181.0,0.047258,1181.0,0.1441237357379777
1181.5,0.047267,1181.5,0.1441511832309237
1182.0,0.047276,1182.0,0.1441786307238697
1182.5,0.047285,1182.5,0.1442060782168157
1183.0,0.047294,1183.0,0.1442335257097617
1183.5,0.047303,1183.5,0.14426097320270767
1184.0,0.047312,1184.0,0.14428842069565367
1184.5,0.047321,1184.5,0.14431586818859965
1185.0,0.04733,1185.0,0.14434331568154565
1185.5,0.047339,1185.5,0.14437076317449166
1186.0,0.047348,1186.0,0.14439821066743763
1186.5,0.047357,1186.5,0.14442565816038364
1187.0,0.047366,1187.0,0.1444531056533296
1187.5,0.047375,1187.5,0.14448055314627561
1188.0,0.047384,1188.0,0.14450800063922162
1188.5,0.047393,1188.5,0.1445354481321676
1189.0,0.047402,1189.0,0.1445628956251136
1189.5,0.047411,1189.5,0.1445903431180596
1190.0,0.04742,1190.0,0.14461779061100558
1190.5,0.047429,1190.5,0.14464523810395158
1191.0,0.047438,1191.0,0.14467268559689758
1191.5,0.047447,1191.5,0.14470013308984359
1192.0,0.047456,1192.0,0.14472758058278956
1192.5,0.047465,1192.5,0.14475502807573556
1193.0,0.047474,1193.0,0.14478247556868157
1193.5,0.047483,1193.5,0.14480992306162754
1194.0,0.047492,1194.0,0.14483737055457355
1194.5,0.047501,1194.5,0.14486481804751955
1195.0,0.04751,1195.0,0.14489226554046553
1195.5,0.047519,1195.5,0.14491971303341153
1196.0,0.047528,1196.0,0.14494716052635753
1196.5,0.047537,1196.5,0.14497460801930354
1197.0,0.047546,1197.0,0.1450020555122495
1197.5,0.047555,1197.5,0.14502950300519551
1198.0,0.047564,1198.0,0.14505695049814152
1198.5,0.047573,1198.5,0.1450843979910875
1199.0,0.047582,1199.0,0.1451118454840335
1199.5,0.047591,1199.5,0.1451392929769795
1200.0,0.0476,1200.0,0.1451667404699255
