derivative_axis,axis_unit,wavelength_nm,energy_eV,processed_signal,first_derivative,second_derivative,method,assignment_source
1.15,eV,1078.123464347826,1.15,0.024015145214527293,0.006319775056454197,5.637851296924618e-14,numpy_gradient,ea.uv_vis.derivative_screening:v0.2
1.156,eV,1072.5276678200692,1.156,0.02405306386486602,0.006319775056454535,2.8199664825478976e-14,numpy_gradient,ea.uv_vis.derivative_screening:v0.2
1.162,eV,1066.9896592082616,1.162,0.024090982515204747,0.006319775056454535,3.708144902248023e-14,numpy_gradient,ea.uv_vis.derivative_screening:v0.2
1.168,eV,1061.5085479452055,1.168,0.024128901165543476,0.006319775056454979,0.0,numpy_gradient,ea.uv_vis.derivative_screening:v0.2
1.174,eV,1056.083461669506,1.174,0.024166819815882205,0.006319775056454535,-7.405187574249794e-14,numpy_gradient,ea.uv_vis.derivative_screening:v0.2
1.18,eV,1050.7135457627119,1.18,0.02420473846622093,0.006319775056454091,3.708144902248023e-14,numpy_gradient,ea.uv_vis.derivative_screening:v0.2
1.186,eV,1045.397962900506,1.186,0.024242657116559655,0.006319775056454979,7.405187574249794e-14,numpy_gradient,ea.uv_vis.derivative_screening:v0.2
1.192,eV,1040.1358926174496,1.192,0.024280575766898387,0.006319775056454979,-7.405187574249794e-14,numpy_gradient,ea.uv_vis.derivative_screening:v0.2
1.198,eV,1034.926530884808,1.198,0.024318494417237112,0.006319775056454091,-3.708144902248023e-14,numpy_gradient,ea.uv_vis.derivative_screening:v0.2
1.204,eV,1029.7690897009966,1.204,0.024356413067575838,0.006319775056454535,3.697042672001771e-14,numpy_gradient,ea.uv_vis.derivative_screening:v0.2
1.21,eV,1024.6627966942149,1.21,0.024394331717914566,0.006319775056454535,-3.697042672001771e-14,numpy_gradient,ea.uv_vis.derivative_screening:v0.2
1.216,eV,1019.606894736842,1.216,0.024432250368253295,0.006319775056454091,0.0,numpy_gradient,ea.uv_vis.derivative_screening:v0.2
1.222,eV,1014.6006415711947,1.222,0.02447016901859202,0.006319775056454535,3.697042672001771e-14,numpy_gradient,ea.uv_vis.derivative_screening:v0.2
1.228,eV,1009.643309446254,1.228,0.02450808766893075,0.006319775056454535,-3.697042672001771e-14,numpy_gradient,ea.uv_vis.derivative_screening:v0.2
1.234,eV,1004.7341847649918,1.234,0.024546006319269474,0.006319775056454091,3.708144902248023e-14,numpy_gradient,ea.uv_vis.derivative_screening:v0.2
1.24,eV,999.8725677419354,1.24,0.0245839249696082,0.006319775056454979,7.405187574249794e-14,numpy_gradient,ea.uv_vis.derivative_screening:v0.2
1.246,eV,995.0577720706259,1.246,0.02462184361994693,0.006319775056454979,-7.405187574249794e-14,numpy_gradient,ea.uv_vis.derivative_screening:v0.2
1.252,eV,990.289124600639,1.252,0.024659762270285657,0.006319775056454091,-3.708144902248023e-14,numpy_gradient,ea.uv_vis.derivative_screening:v0.2
1.258,eV,985.5659650238473,1.258,0.024697680920624382,0.006319775056454535,7.405187574249794e-14,numpy_gradient,ea.uv_vis.derivative_screening:v0.2
1.264,eV,980.8876455696202,1.264,0.024735599570963114,0.006319775056454979,0.0,numpy_gradient,ea.uv_vis.derivative_screening:v0.2
1.27,eV,976.2535307086613,1.27,0.02477351822130184,0.006319775056454535,-3.708144902248023e-14,numpy_gradient,ea.uv_vis.derivative_screening:v0.2
1.276,eV,971.6629968652037,1.276,0.024811436871640568,0.006319775056454535,0.0,numpy_gradient,ea.uv_vis.derivative_screening:v0.2
1.282,eV,967.1154321372854,1.282,0.024849355521979293,0.006319775056454535,0.0,numpy_gradient,ea.uv_vis.derivative_screening:v0.2
1.288,eV,962.6102360248447,1.288,0.024887274172318022,0.006319775056454535,0.0,numpy_gradient,ea.uv_vis.derivative_screening:v0.2
1.294,eV,958.1468191653786,1.294,0.02492519282265675,0.006319775056454535,-3.697042672001771e-14,numpy_gradient,ea.uv_vis.derivative_screening:v0.2
1.3,eV,953.724603076923,1.3,0.024963111472995476,0.006319775056454091,3.708144902248023e-14,numpy_gradient,ea.uv_vis.derivative_screening:v0.2
1.306,eV,949.3430199081163,1.306,0.0250010301233342,0.006319775056454979,7.405187574249794e-14,numpy_gradient,ea.uv_vis.derivative_screening:v0.2
1.312,eV,945.0015121951218,1.312,0.025038948773672933,0.006319775056454979,-7.405187574249794e-14,numpy_gradient,ea.uv_vis.derivative_screening:v0.2
1.318,eV,940.6995326251896,1.318,0.02507686742401166,0.006319775056454091,-3.708144902248023e-14,numpy_gradient,ea.uv_vis.derivative_screening:v0.2
1.324,eV,936.4365438066465,1.324,0.025114786074350384,0.006319775056454535,3.697042672001771e-14,numpy_gradient,ea.uv_vis.derivative_screening:v0.2
1.33,eV,932.2120180451127,1.33,0.025152704724689112,0.006319775056454535,0.0,numpy_gradient,ea.uv_vis.derivative_screening:v0.2
1.336,eV,928.0254371257483,1.336,0.02519062337502784,0.006319775056454535,0.0,numpy_gradient,ea.uv_vis.derivative_screening:v0.2
1.342,eV,923.8762921013412,1.342,0.025228542025366566,0.006319775056454535,-3.697042672001771e-14,numpy_gradient,ea.uv_vis.derivative_screening:v0.2
1.348,eV,919.7640830860532,1.348,0.025266460675705295,0.006319775056454091,0.0,numpy_gradient,ea.uv_vis.derivative_screening:v0.2
1.354,eV,915.6883190546528,1.354,0.02530437932604402,0.006319775056454535,7.405187574249794e-14,numpy_gradient,ea.uv_vis.derivative_screening:v0.2
1.36,eV,911.6485176470587,1.36,0.025342297976382745,0.006319775056454979,0.0,numpy_gradient,ea.uv_vis.derivative_screening:v0.2
1.366,eV,907.6442049780379,1.366,0.025380216626721477,0.006319775056454535,-3.708144902248023e-14,numpy_gradient,ea.uv_vis.derivative_screening:v0.2
1.372,eV,903.6749154518949,1.372,0.025418135277060203,0.006319775056454535,7.405187574249794e-14,numpy_gradient,ea.uv_vis.derivative_screening:v0.2
1.378,eV,899.7401915820029,1.378,0.02545605392739893,0.006319775056455423,0.0,numpy_gradient,ea.uv_vis.derivative_screening:v0.2
1.384,eV,895.839583815029,1.384,0.02549397257773766,0.006319775056454535,-7.405187574249794e-14,numpy_gradient,ea.uv_vis.derivative_screening:v0.2
1.39,eV,891.9726503597122,1.39,0.025531891228076385,0.006319775056454535,0.0,numpy_gradient,ea.uv_vis.derivative_screening:v0.2
1.396,eV,888.1389570200573,1.396,0.025569809878415114,0.006319775056454535,-3.697042672001771e-14,numpy_gradient,ea.uv_vis.derivative_screening:v0.2
1.402,eV,884.3380770328102,1.402,0.02560772852875384,0.006319775056454091,0.0,numpy_gradient,ea.uv_vis.derivative_screening:v0.2
1.408,eV,880.569590909091,1.408,0.025645647179092568,0.006319775056454535,3.697042672001771e-14,numpy_gradient,ea.uv_vis.derivative_screening:v0.2
1.414,eV,876.8330862800566,1.414,0.025683565829431296,0.006319775056454535,-3.697042672001771e-14,numpy_gradient,ea.uv_vis.derivative_screening:v0.2
1.42,eV,873.1281577464789,1.42,0.02572148447977002,0.006319775056454091,3.708144902248023e-14,numpy_gradient,ea.uv_vis.derivative_screening:v0.2
1.426,eV,869.4544067321178,1.426,0.025759403130108747,0.006319775056454979,7.405187574249794e-14,numpy_gradient,ea.uv_vis.derivative_screening:v0.2
1.432,eV,865.8114413407822,1.432,0.02579732178044748,0.006319775056454979,-7.405187574249794e-14,numpy_gradient,ea.uv_vis.derivative_screening:v0.2
1.438,eV,862.198876216968,1.438,0.025835240430786204,0.006319775056454091,-3.708144902248023e-14,numpy_gradient,ea.uv_vis.derivative_screening:v0.2
1.444,eV,858.6163324099723,1.444,0.02587315908112493,0.006319775056454535,7.405187574249794e-14,numpy_gradient,ea.uv_vis.derivative_screening:v0.2
1.45,eV,855.0634372413792,1.45,0.025911077731463658,0.006319775056454979,0.0,numpy_gradient,ea.uv_vis.derivative_screening:v0.2
1.456,eV,851.5398241758242,1.456,0.025948996381802387,0.006319775056454535,-3.708144902248023e-14,numpy_gradient,ea.uv_vis.derivative_screening:v0.2
1.462,eV,848.0451326949384,1.462,0.025986915032141112,0.006319775056454535,0.0,numpy_gradient,ea.uv_vis.derivative_screening:v0.2
1.468,eV,844.5790081743869,1.468,0.02602483368247984,0.006319775056454535,0.0,numpy_gradient,ea.uv_vis.derivative_screening:v0.2
1.474,eV,841.1411017639077,1.474,0.026062752332818566,0.006319775056454535,0.0,numpy_gradient,ea.uv_vis.derivative_screening:v0.2
1.48,eV,837.7310702702703,1.48,0.026100670983157298,0.006319775056454535,-3.697042672001771e-14,numpy_gradient,ea.uv_vis.derivative_screening:v0.2
1.486,eV,834.3485760430685,1.486,0.026138589633496023,0.006319775056454091,0.0,numpy_gradient,ea.uv_vis.derivative_screening:v0.2
1.492,eV,830.9932868632707,1.492,0.02617650828383475,0.006319775056454535,7.405187574249794e-14,numpy_gradient,ea.uv_vis.derivative_screening:v0.2
1.498,eV,827.6648758344459,1.498,0.026214426934173477,0.006319775056454979,0.0,numpy_gradient,ea.uv_vis.derivative_screening:v0.2
1.504,eV,824.3630212765956,1.504,0.026252345584512206,0.006319775056454535,-3.708144902248023e-14,numpy_gradient,ea.uv_vis.derivative_screening:v0.2
1.51,eV,821.0874066225165,1.51,0.02629026423485093,0.006319775056454535,0.0,numpy_gradient,ea.uv_vis.derivative_screening:v0.2
1.516,eV,817.8377203166226,1.516,0.02632818288518966,0.006319775056454535,0.0,numpy_gradient,ea.uv_vis.derivative_screening:v0.2
1.522,eV,814.6136557161628,1.522,0.026366101535528385,0.006319775056454535,0.0,numpy_gradient,ea.uv_vis.derivative_screening:v0.2
1.528,eV,811.4149109947643,1.528,0.026404020185867114,0.006319775056454535,0.0,numpy_gradient,ea.uv_vis.derivative_screening:v0.2
1.534,eV,808.2411890482398,1.534,0.026441938836205842,0.006319775056454535,0.0,numpy_gradient,ea.uv_vis.derivative_screening:v0.2
1.54,eV,805.0921974025973,1.54,0.026479857486544568,0.006319775056454535,0.0,numpy_gradient,ea.uv_vis.derivative_screening:v0.2
1.546,eV,801.9676481241913,1.546,0.026517776136883293,0.006319775056454535,0.0,numpy_gradient,ea.uv_vis.derivative_screening:v0.2
1.552,eV,798.8672577319587,1.552,0.026555694787222025,0.006319775056454535,-3.697042672001771e-14,numpy_gradient,ea.uv_vis.derivative_screening:v0.2
1.558,eV,795.7907471116815,1.558,0.02659361343756075,0.006319775056454091,0.0,numpy_gradient,ea.uv_vis.derivative_screening:v0.2
1.564,eV,792.737841432225,1.564,0.026631532087899475,0.006319775056454535,7.405187574249794e-14,numpy_gradient,ea.uv_vis.derivative_screening:v0.2
1.57,eV,789.7082700636942,1.57,0.026669450738238204,0.006319775056454979,3.708144902248023e-14,numpy_gradient,ea.uv_vis.derivative_screening:v0.2
1.576,eV,786.7017664974618,1.576,0.026707369388576933,0.006319775056454979,-3.708144902248023e-14,numpy_gradient,ea.uv_vis.derivative_screening:v0.2
1.582,eV,783.718068268015,1.582,0.02674528803891566,0.006319775056454535,-7.405187574249794e-14,numpy_gradient,ea.uv_vis.derivative_screening:v0.2
1.588,eV,780.7569168765742,1.588,0.026783206689254387,0.006319775056454091,0.0,numpy_gradient,ea.uv_vis.derivative_screening:v0.2
1.594,eV,777.8180577164366,1.594,0.026821125339593112,0.006319775056454535,3.697042672001771e-14,numpy_gradient,ea.uv_vis.derivative_screening:v0.2
1.6,eV,774.9012399999999,1.6,0.026859043989931844,0.006319775056454535,0.0,numpy_gradient,ea.uv_vis.derivative_screening:v0.2
1.606,eV,772.006216687422,1.606,0.02689696264027057,0.006319775056454535,0.0,numpy_gradient,ea.uv_vis.derivative_screening:v0.2
1.612,eV,769.1327444168734,1.612,0.026934881290609294,0.006319775056454535,0.0,numpy_gradient,ea.uv_vis.derivative_screening:v0.2
1.618,eV,766.2805834363411,1.618,0.026972799940948023,0.006319775056454535,0.0,numpy_gradient,ea.uv_vis.derivative_screening:v0.2
1.624,eV,763.4494975369457,1.624,0.02701071859128675,0.006319775056454535,0.0,numpy_gradient,ea.uv_vis.derivative_screening:v0.2
1.63,eV,760.6392539877301,1.63,0.027048637241625477,0.006319775056454535,0.0,numpy_gradient,ea.uv_vis.derivative_screening:v0.2
1.636,eV,757.8496234718826,1.636,0.027086555891964206,0.006319775056454535,0.0,numpy_gradient,ea.uv_vis.derivative_screening:v0.2
1.642,eV,755.0803800243606,1.642,0.02712447454230293,0.006319775056454535,3.708144902248023e-14,numpy_gradient,ea.uv_vis.derivative_screening:v0.2
1.648,eV,752.3313009708738,1.648,0.02716239319264166,0.006319775056454979,0.0,numpy_gradient,ea.uv_vis.derivative_screening:v0.2
1.654,eV,749.6021668681983,1.654,0.027200311842980388,0.006319775056454535,-7.405187574249794e-14,numpy_gradient,ea.uv_vis.derivative_screening:v0.2
1.66,eV,746.8927614457831,1.66,0.027238230493319113,0.006319775056454091,0.0,numpy_gradient,ea.uv_vis.derivative_screening:v0.2
1.666,eV,744.2028715486194,1.666,0.02727614914365784,0.006319775056454535,3.697042672001771e-14,numpy_gradient,ea.uv_vis.derivative_screening:v0.2
1.672,eV,741.5322870813397,1.672,0.02731406779399657,0.006319775056454535,-3.697042672001771e-14,numpy_gradient,ea.uv_vis.derivative_screening:v0.2
1.678,eV,738.8808009535161,1.678,0.027351986444335296,0.006319775056454091,0.0,numpy_gradient,ea.uv_vis.derivative_screening:v0.2
1.684,eV,736.2482090261283,1.684,0.02738990509467402,0.006319775056454535,7.405187574249794e-14,numpy_gradient,ea.uv_vis.derivative_screening:v0.2
1.69,eV,733.6343100591715,1.69,0.02742782374501275,0.006319775056454979,3.708144902248023e-14,numpy_gradient,ea.uv_vis.derivative_screening:v0.2
1.696,eV,731.0389056603773,1.696,0.02746574239535148,0.006319775056454979,-3.708144902248023e-14,numpy_gradient,ea.uv_vis.derivative_screening:v0.2
1.702,eV,728.4618002350176,1.702,0.027503661045690207,0.006319775056454535,-7.405187574249794e-14,numpy_gradient,ea.uv_vis.derivative_screening:v0.2
1.708,eV,725.9028009367681,1.708,0.027541579696028932,0.006319775056454091,0.0,numpy_gradient,ea.uv_vis.derivative_screening:v0.2
1.714,eV,723.3617176196033,1.714,0.027579498346367658,0.006319775056454535,7.405187574249794e-14,numpy_gradient,ea.uv_vis.derivative_screening:v0.2
1.72,eV,720.8383627906976,1.72,0.02761741699670639,0.006319775056454979,0.0,numpy_gradient,ea.uv_vis.derivative_screening:v0.2
1.726,eV,718.3325515643105,1.726,0.027655335647045115,0.006319775056454535,-7.405187574249794e-14,numpy_gradient,ea.uv_vis.derivative_screening:v0.2
1.732,eV,715.8441016166281,1.732,0.02769325429738384,0.006319775056454091,0.0,numpy_gradient,ea.uv_vis.derivative_screening:v0.2
1.738,eV,713.372833141542,1.738,0.02773117294772257,0.006319775056454535,3.697042672001771e-14,numpy_gradient,ea.uv_vis.derivative_screening:v0.2
1.744,eV,710.9185688073394,1.744,0.027769091598061298,0.006319775056454535,0.0,numpy_gradient,ea.uv_vis.derivative_screening:v0.2
1.75,eV,708.4811337142856,1.75,0.027807010248400023,0.006319775056454535,0.0,numpy_gradient,ea.uv_vis.derivative_screening:v0.2
1.756,eV,706.0603553530751,1.756,0.02784492889873875,0.006319775056454535,0.0,numpy_gradient,ea.uv_vis.derivative_screening:v0.2
1.762,eV,703.6560635641316,1.762,0.027882847549077477,0.006319775056454535,3.708144902248023e-14,numpy_gradient,ea.uv_vis.derivative_screening:v0.2
1.768,eV,701.2680904977375,1.768,0.027920766199416205,0.006319775056454979,0.0,numpy_gradient,ea.uv_vis.derivative_screening:v0.2
1.774,eV,698.8962705749717,1.774,0.027958684849754934,0.006319775056454535,-7.405187574249794e-14,numpy_gradient,ea.uv_vis.derivative_screening:v0.2
1.78,eV,696.5404404494382,1.78,0.02799660350009366,0.006319775056454091,0.0,numpy_gradient,ea.uv_vis.derivative_screening:v0.2
1.786,eV,694.2004389697648,1.786,0.028034522150432385,0.006319775056454535,7.405187574249794e-14,numpy_gradient,ea.uv_vis.derivative_screening:v0.2
1.792,eV,691.8761071428571,1.792,0.028072440800771117,0.006319775056454979,0.0,numpy_gradient,ea.uv_vis.derivative_screening:v0.2
1.798,eV,689.5672880978865,1.798,0.028110359451109842,0.006319775056454535,-7.405187574249794e-14,numpy_gradient,ea.uv_vis.derivative_screening:v0.2
1.804,eV,687.2738270509977,1.804,0.02814827810144857,0.006319775056454091,0.0,numpy_gradient,ea.uv_vis.derivative_screening:v0.2
1.81,eV,684.9955712707182,1.81,0.028186196751787296,0.006319775056454535,7.405187574249794e-14,numpy_gradient,ea.uv_vis.derivative_screening:v0.2
1.816,eV,682.7323700440528,1.816,0.028224115402126024,0.006319775056454979,0.0,numpy_gradient,ea.uv_vis.derivative_screening:v0.2
1.822,eV,680.4840746432491,1.822,0.028262034052464753,0.006319775056454535,-7.405187574249794e-14,numpy_gradient,ea.uv_vis.derivative_screening:v0.2
1.828,eV,678.2505382932166,1.828,0.02829995270280348,0.006319775056454091,3.708144902248023e-14,numpy_gradient,ea.uv_vis.derivative_screening:v0.2
1.834,eV,676.0316161395855,1.834,0.028337871353142204,0.006319775056454979,7.405187574249794e-14,numpy_gradient,ea.uv_vis.derivative_screening:v0.2
1.84,eV,673.8271652173912,1.84,0.028375790003480936,0.006319775056454979,-7.405187574249794e-14,numpy_gradient,ea.uv_vis.derivative_screening:v0.2
1.846,eV,671.6370444203683,1.846,0.02841370865381966,0.006319775056454091,-3.708144902248023e-14,numpy_gradient,ea.uv_vis.derivative_screening:v0.2
1.852,eV,669.4611144708423,1.852,0.028451627304158386,0.006319775056454535,3.697042672001771e-14,numpy_gradient,ea.uv_vis.derivative_screening:v0.2
1.858,eV,667.2992378902045,1.858,0.028489545954497115,0.006319775056454535,0.0,numpy_gradient,ea.uv_vis.derivative_screening:v0.2
1.864,eV,665.151278969957,1.864,0.028527464604835844,0.006319775056454535,0.0,numpy_gradient,ea.uv_vis.derivative_screening:v0.2
1.87,eV,663.0171037433154,1.87,0.02856538325517457,0.006319775056454535,-3.697042672001771e-14,numpy_gradient,ea.uv_vis.derivative_screening:v0.2
1.876,eV,660.896579957356,1.876,0.028603301905513297,0.006319775056454091,0.0,numpy_gradient,ea.uv_vis.derivative_screening:v0.2
1.882,eV,658.7895770456961,1.882,0.028641220555852023,0.006319775056454535,7.405187574249794e-14,numpy_gradient,ea.uv_vis.derivative_screening:v0.2
1.888,eV,656.6959661016949,1.888,0.02867913920619075,0.006319775056454979,0.0,numpy_gradient,ea.uv_vis.derivative_screening:v0.2
1.894,eV,654.6156198521647,1.894,0.02871705785652948,0.006319775056454535,-3.708144902248023e-14,numpy_gradient,ea.uv_vis.derivative_screening:v0.2
1.9,eV,652.5484126315789,1.9,0.028754976506868205,0.006319775056454535,3.708144902248023e-14,numpy_gradient,ea.uv_vis.derivative_screening:v0.2
1.906,eV,650.4942203567681,1.906,0.028792895157206937,0.006319775056454979,0.0,numpy_gradient,ea.uv_vis.derivative_screening:v0.2
1.912,eV,648.4529205020921,1.912,0.028830813807545663,0.006319775056454535,-3.708144902248023e-14,numpy_gradient,ea.uv_vis.derivative_screening:v0.2
1.918,eV,646.4243920750782,1.918,0.028868732457884388,0.006319775056454535,0.0,numpy_gradient,ea.uv_vis.derivative_screening:v0.2
1.924,eV,644.4085155925155,1.924,0.028906651108223116,0.006319775056454535,-3.697042672001771e-14,numpy_gradient,ea.uv_vis.derivative_screening:v0.2
1.93,eV,642.4051730569948,1.93,0.02894456975856184,0.006319775056454091,0.0,numpy_gradient,ea.uv_vis.derivative_screening:v0.2
1.936,eV,640.4142479338843,1.936,0.02898248840890057,0.006319775056454535,3.697042672001771e-14,numpy_gradient,ea.uv_vis.derivative_screening:v0.2
1.942,eV,638.4356251287332,1.942,0.0290204070592393,0.006319775056454535,-3.697042672001771e-14,numpy_gradient,ea.uv_vis.derivative_screening:v0.2
1.948,eV,636.4691909650924,1.948,0.029058325709578024,0.006319775056454091,3.708144902248023e-14,numpy_gradient,ea.uv_vis.derivative_screening:v0.2
1.954,eV,634.514833162743,1.954,0.02909624435991675,0.006319775056454979,7.405187574249794e-14,numpy_gradient,ea.uv_vis.derivative_screening:v0.2
1.96,eV,632.5724408163265,1.96,0.02913416301025548,0.006319775056454979,-7.405187574249794e-14,numpy_gradient,ea.uv_vis.derivative_screening:v0.2
1.966,eV,630.6419043743641,1.966,0.029172081660594207,0.006319775056454091,-3.708144902248023e-14,numpy_gradient,ea.uv_vis.derivative_screening:v0.2
1.972,eV,628.7231156186613,1.972,0.029210000310932932,0.006319775056454535,7.405187574249794e-14,numpy_gradient,ea.uv_vis.derivative_screening:v0.2
1.978,eV,626.8159676440849,1.978,0.02924791896127166,0.006319775056454979,0.0,numpy_gradient,ea.uv_vis.derivative_screening:v0.2
1.984,eV,624.9203548387096,1.984,0.02928583761161039,0.006319775056454535,-7.405187574249794e-14,numpy_gradient,ea.uv_vis.derivative_screening:v0.2
1.99,eV,623.0361728643215,1.99,0.029323756261949115,0.006319775056454091,0.0,numpy_gradient,ea.uv_vis.derivative_screening:v0.2
1.996,eV,621.1633186372745,1.996,0.029361674912287843,0.006319775056454535,7.394085344003543e-14,numpy_gradient,ea.uv_vis.derivative_screening:v0.2
2.002,eV,619.3016903096903,2.002,0.02939959356262657,0.006319775056454979,0.0,numpy_gradient,ea.uv_vis.derivative_screening:v0.2
2.008,eV,617.451187250996,2.008,0.0294375122129653,0.006319775056454535,-7.405187574249794e-14,numpy_gradient,ea.uv_vis.derivative_screening:v0.2
2.014,eV,615.6117100297914,2.014,0.029475430863304026,0.006319775056454091,0.0,numpy_gradient,ea.uv_vis.derivative_screening:v0.2
2.02,eV,613.7831603960395,2.02,0.02951334951364275,0.006319775056454535,7.405187574249794e-14,numpy_gradient,ea.uv_vis.derivative_screening:v0.2
2.026,eV,611.9654412635736,2.026,0.029551268163981483,0.006319775056454979,-3.697042672001771e-14,numpy_gradient,ea.uv_vis.derivative_screening:v0.2
2.032,eV,610.1584566929133,2.032,0.02958918681432021,0.006319775056454091,-3.708144902248023e-14,numpy_gradient,ea.uv_vis.derivative_screening:v0.2
2.038,eV,608.3621118743866,2.038,0.029627105464658934,0.006319775056454535,3.697042672001771e-14,numpy_gradient,ea.uv_vis.derivative_screening:v0.2
2.044,eV,606.5763131115459,2.044,0.029665024114997662,0.006319775056454535,635.0485652242767,numpy_gradient,ea.uv_vis.derivative_screening:v0.2
2.05,eV,604.800967804878,2.05,0.029702942765336388,7.626902557747218,906.2797933506571,numpy_gradient,ea.uv_vis.derivative_screening:v0.2
2.056,eV,603.0359844357976,2.056,0.12118785480797112,10.881677295264026,-157.53145288847838,numpy_gradient,ea.uv_vis.derivative_screening:v0.2
2.062,eV,601.2812725509215,2.062,0.1602830703085087,5.736525123086098,-527.6102826728645,numpy_gradient,ea.uv_vis.derivative_screening:v0.2
2.068,eV,599.536742746615,2.068,0.19002615628500366,4.55035390318994,-154.5867888107844,numpy_gradient,ea.uv_vis.derivative_screening:v0.2
2.074,eV,597.8023066538091,2.074,0.2148873171467884,3.881483657356645,-93.20439363120573,numpy_gradient,ea.uv_vis.derivative_screening:v0.2
2.08,eV,596.0778769230768,2.08,0.2366039601732832,3.431901179615487,-65.02153231625391,numpy_gradient,ea.uv_vis.derivative_screening:v0.2
2.086,eV,594.3633672099712,2.086,0.2560701313021745,3.1012252695615885,-48.99335392793509,numpy_gradient,ea.uv_vis.derivative_screening:v0.2
2.092,eV,592.6586921606117,2.092,0.27381866340802213,2.843980932480271,-38.76901118243447,numpy_gradient,ea.uv_vis.derivative_screening:v0.2
2.098,eV,590.9637673975215,2.098,0.2901979024919379,2.635997135372371,-31.746161150949717,numpy_gradient,ea.uv_vis.derivative_screening:v0.2
2.104,eV,589.2785095057034,2.104,0.3054506290324905,2.4630269986688766,-26.663482061796344,numpy_gradient,ea.uv_vis.derivative_screening:v0.2
2.11,eV,587.6028360189573,2.11,0.3197542264759645,2.3160353506308127,-22.838438208876852,numpy_gradient,ea.uv_vis.derivative_screening:v0.2
2.116,eV,585.9366654064271,2.116,0.3332430532400602,2.188965740162356,-19.870250524028705,numpy_gradient,ea.uv_vis.derivative_screening:v0.2
2.122,eV,584.2799170593779,2.122,0.3460218153579129,2.0775923443424666,-17.509287892520973,numpy_gradient,ea.uv_vis.derivative_screening:v0.2
2.128,eV,582.6325112781955,2.128,0.3581741613721698,1.9788542854521047,-15.593693853186949,numpy_gradient,ea.uv_vis.derivative_screening:v0.2
2.134,eV,580.9943692596064,2.134,0.3697680667833382,1.8904680181042224,-14.012872342538827,numpy_gradient,ea.uv_vis.derivative_screening:v0.2
2.14,eV,579.3654130841121,2.14,0.3808597775894204,1.8106998173416393,-12.688879468211212,numpy_gradient,ea.uv_vis.derivative_screening:v0.2
2.146,eV,577.7455657036346,2.146,0.39149646459143794,1.7382014644856874,-11.566241649153937,numpy_gradient,ea.uv_vis.derivative_screening:v0.2
2.152,eV,576.1347509293679,2.152,0.40171819516324864,1.6719049175517924,-10.604406995423261,numpy_gradient,ea.uv_vis.derivative_screening:v0.2
2.158,eV,574.5328934198332,2.158,0.4115593236020595,1.610948580540608,-9.772478828965149,numpy_gradient,ea.uv_vis.derivative_screening:v0.2
2.164,eV,572.9399186691312,2.164,0.42104957812973587,1.554635171604211,-9.046582444007925,numpy_gradient,ea.uv_vis.derivative_screening:v0.2
2.17,eV,571.3557529953916,2.17,0.43021494566131013,1.5023895912125127,-8.408636261919511,numpy_gradient,ea.uv_vis.derivative_screening:v0.2
2.176,eV,569.7803235294117,2.176,0.439078253224286,1.4537315364611771,-7.843894140902293,numpy_gradient,ea.uv_vis.derivative_screening:v0.2
2.182,eV,568.213558203483,2.182,0.4476597240988443,1.4082628615216848,-7.341120925300274,numpy_gradient,ea.uv_vis.derivative_screening:v0.2
2.188,eV,566.6553857404022,2.188,0.4559774075625462,1.365638085357574,-6.891363600449395,numpy_gradient,ea.uv_vis.derivative_screening:v0.2
2.194,eV,565.1057356426618,2.194,0.4640473811231353,1.3255664983162916,-6.486546898222187,numpy_gradient,ea.uv_vis.derivative_screening:v0.2
2.2,eV,563.5645381818181,2.2,0.4718842055423416,1.2877995225789078,-6.120526592869865,numpy_gradient,ea.uv_vis.derivative_screening:v0.2
2.206,eV,562.0317243880326,2.206,0.47950097539408226,1.252120179201853,-5.788387303791026,numpy_gradient,ea.uv_vis.derivative_screening:v0.2
2.212,eV,560.507226039783,2.212,0.4869096476927639,1.2183388749334156,-5.485915847616582,numpy_gradient,ea.uv_vis.derivative_screening:v0.2
2.218,eV,558.9909756537421,2.218,0.49412104189328326,1.1862891890304539,-5.209250139589145,numpy_gradient,ea.uv_vis.derivative_screening:v0.2
2.224,eV,557.4829064748201,2.224,0.5011451179611294,1.155827873258346,-4.9552302921818665,numpy_gradient,ea.uv_vis.derivative_screening:v0.2
2.23,eV,555.9829524663677,2.23,0.5079909763723834,1.1268264255242713,-4.721574164400735,numpy_gradient,ea.uv_vis.derivative_screening:v0.2
2.236,eV,554.4910483005366,2.236,0.5146670350674206,1.0991689832855371,-4.506175164558812,numpy_gradient,ea.uv_vis.derivative_screening:v0.2
2.242,eV,553.0071293487957,2.242,0.5211810041718099,1.0727523235495653,-4.3064000530523145,numpy_gradient,ea.uv_vis.derivative_screening:v0.2
2.248,eV,551.5311316725978,2.248,0.5275400629500154,1.0474921826489094,-4.1208444354196985,numpy_gradient,ea.uv_vis.derivative_screening:v0.2
2.254,eV,550.062992014197,2.254,0.5337509103635969,1.0233021903245287,-3.948981663747759,numpy_gradient,ea.uv_vis.derivative_screening:v0.2
2.26,eV,548.6026477876106,2.26,0.5398196892339093,1.000104402683938,-3.7885295970401245,numpy_gradient,ea.uv_vis.derivative_screening:v0.2
2.266,eV,547.1500370697263,2.266,0.5457521631958041,0.9778398351600472,-3.63808384083282,numpy_gradient,ea.uv_vis.derivative_screening:v0.2
2.272,eV,545.7050985915494,2.272,0.5515537672558298,0.9564473965939442,-3.497644395134003,numpy_gradient,ea.uv_vis.derivative_screening:v0.2
2.278,eV,544.2677717295874,2.278,0.5572295319549314,0.9358681024184392,-3.3661579640972548,numpy_gradient,ea.uv_vis.derivative_screening:v0.2
2.284,eV,542.8379964973731,2.284,0.5627841844848511,0.916053501024777,-3.2422201532682493,numpy_gradient,ea.uv_vis.derivative_screening:v0.2
2.29,eV,541.4157135371179,2.29,0.5682221739672287,0.8969614605792202,-3.1254798640312913,numpy_gradient,ea.uv_vis.derivative_screening:v0.2
2.296,eV,540.0008641114982,2.296,0.5735477220118018,0.8785477426564015,-3.015234899158031,numpy_gradient,ea.uv_vis.derivative_screening:v0.2
2.302,eV,538.593390095569,2.302,0.5787647468791055,0.8607786417893237,-2.9107830614189254,numpy_gradient,ea.uv_vis.derivative_screening:v0.2
2.308,eV,537.1932339688042,2.308,0.5838770657132738,0.8436183459193742,-2.812299900121218,numpy_gradient,ea.uv_vis.derivative_screening:v0.2
2.314,eV,535.8003388072601,2.314,0.588888167030138,0.8270310429878691,-2.718205471503296,numpy_gradient,ea.uv_vis.derivative_screening:v0.2
2.32,eV,534.4146482758621,2.32,0.5938014382291282,0.8109998802613347,-2.6281486769494933,numpy_gradient,ea.uv_vis.derivative_screening:v0.2
2.326,eV,533.0361066208083,2.326,0.598620165593274,0.7954932588644752,-2.5424806150742967,numpy_gradient,ea.uv_vis.derivative_screening:v0.2
2.332,eV,531.6646586620926,2.332,0.6033473573355019,0.7804901128804431,-2.459621342111376,numpy_gradient,ea.uv_vis.derivative_screening:v0.2
2.338,eV,530.300249786142,2.338,0.6079860469478394,0.7659778027591386,-2.3795708580619035,numpy_gradient,ea.uv_vis.derivative_screening:v0.2
2.344,eV,528.9428259385666,2.344,0.6125390909686117,0.7519352625837001,-2.301978064312614,numpy_gradient,ea.uv_vis.derivative_screening:v0.2
2.35,eV,527.5923336170213,2.35,0.6170092700988439,0.7383540659873873,-2.2256141157145706,numpy_gradient,ea.uv_vis.derivative_screening:v0.2
2.356,eV,526.2487198641766,2.356,0.6213993397604604,0.7252278931951253,-2.1499523643443084,numpy_gradient,ea.uv_vis.derivative_screening:v0.2
2.362,eV,524.9119322607959,2.362,0.6257120048171854,0.7125546376152556,-2.0741150636656087,numpy_gradient,ea.uv_vis.derivative_screening:v0.2
2.368,eV,523.5819189189189,2.368,0.6299499954118434,0.7003385124311379,-1.9975755657621121,numpy_gradient,ea.uv_vis.derivative_screening:v0.2
2.374,eV,522.2586284751474,2.374,0.6341160669663589,0.6885837308261102,-1.9192805747850272,numpy_gradient,ea.uv_vis.derivative_screening:v0.2
2.38,eV,520.9420100840337,2.38,0.6382130001817568,0.6773071455337174,-1.8374745976637783,numpy_gradient,ea.uv_vis.derivative_screening:v0.2
2.386,eV,519.6320134115674,2.386,0.6422437527127635,0.6665340356541449,-1.751104338559621,numpy_gradient,ea.uv_vis.derivative_screening:v0.2
2.392,eV,518.3285886287625,2.392,0.6462114086096065,0.6562938934710019,-1.659116501626201,numpy_gradient,ea.uv_vis.derivative_screening:v0.2
2.398,eV,517.0316864053377,2.398,0.6501192794344155,0.6466246376346305,-1.5594044951801749,numpy_gradient,ea.uv_vis.derivative_screening:v0.2
2.404,eV,515.7412579034941,2.404,0.6539709042612221,0.6375810395288397,-1.4496861782274593,numpy_gradient,ea.uv_vis.derivative_screening:v0.2
2.41,eV,514.4572547717842,2.41,0.6577702519087616,0.629228403495901,-1.3282060576974075,numpy_gradient,ea.uv_vis.derivative_screening:v0.2
2.416,eV,513.1796291390729,2.416,0.6615216451031729,0.6216425668364707,-1.1928575419055747,numpy_gradient,ea.uv_vis.derivative_screening:v0.2
2.422,eV,511.9083336085879,2.422,0.6652299627107993,0.6149141129930342,-1.0406562926300182,numpy_gradient,ea.uv_vis.derivative_screening:v0.2
2.428,eV,510.6433212520593,2.428,0.6689006144590893,0.6091546913249104,-0.868442422343449,numpy_gradient,ea.uv_vis.derivative_screening:v0.2
2.434,eV,509.38454560394405,2.434,0.6725398190066982,0.6044928039249129,-0.6741093393559936,numpy_gradient,ea.uv_vis.derivative_screening:v0.2
2.44,eV,508.13196065573766,2.44,0.6761545281061884,0.6010653792526384,-0.45432160683430567,numpy_gradient,ea.uv_vis.derivative_screening:v0.2
2.446,eV,506.88552085036787,2.446,0.6797526035577299,0.5990409446429013,-0.20574378794671588,numpy_gradient,ea.uv_vis.derivative_screening:v0.2
2.452,eV,505.6451810766721,2.452,0.6833430194419032,0.5985964537972777,0.07408180760510419,numpy_gradient,ea.uv_vis.derivative_screening:v0.2
2.458,eV,504.41089666395436,2.458,0.6869357610032972,0.5999299263341626,0.38866616597015735,numpy_gradient,ea.uv_vis.derivative_screening:v0.2
2.464,eV,503.1826233766233,2.464,0.6905421785579132,0.6032604477889194,0.7402914281424557,numpy_gradient,ea.uv_vis.derivative_screening:v0.2
2.47,eV,501.9603174089068,2.47,0.6941748863767643,0.6088134234718723,1.130713087184425,numpy_gradient,ea.uv_vis.derivative_screening:v0.2
2.476,eV,500.74393537964454,2.476,0.6978479396395757,0.6168290048351324,1.5616866361713093,numpy_gradient,ea.uv_vis.derivative_screening:v0.2
2.482,eV,499.5334343271554,2.482,0.7015768344347858,0.6275536631059282,2.0337387230290815,numpy_gradient,ea.uv_vis.derivative_screening:v0.2
2.488,eV,498.32877170418004,2.488,0.7053785835968469,0.6412338695114812,2.5466937984450553,numpy_gradient,ea.uv_vis.derivative_screening:v0.2
2.494,eV,497.1299053728949,2.494,0.7092716408689236,0.6581139886872691,3.0989719186565807,numpy_gradient,ea.uv_vis.derivative_screening:v0.2
2.5,eV,495.9367936,2.5,0.7132759514610941,0.67842153253536,3.686886548212833,numpy_gradient,ea.uv_vis.derivative_screening:v0.2
2.506,eV,494.7493950518755,2.506,0.7174126992593476,0.7023566272658215,4.306048954437209,numpy_gradient,ea.uv_vis.derivative_screening:v0.2
2.512,eV,493.56766878980886,2.512,0.721704230988284,0.7300941199886068,4.950490460888226,numpy_gradient,ea.uv_vis.derivative_screening:v0.2
2.518,eV,492.39157426528993,2.518,0.7261738286992109,0.76176251279648,5.611258052902315,numpy_gradient,ea.uv_vis.derivative_screening:v0.2
2.524,eV,491.2210713153724,2.524,0.7308453811418417,0.7974292166234349,6.277643222745773,numpy_gradient,ea.uv_vis.derivative_screening:v0.2
2.53,eV,490.0561201581028,2.53,0.7357429792986921,0.837094231469429,6.936830870994115,numpy_gradient,ea.uv_vis.derivative_screening:v0.2
2.536,eV,488.89668138801255,2.536,0.740890511919475,0.8806711870753645,7.574250405160299,numpy_gradient,ea.uv_vis.derivative_screening:v0.2
2.542,eV,487.74271597167586,2.542,0.7463110335435965,0.9279852363313523,8.173575739681013,numpy_gradient,ea.uv_vis.derivative_screening:v0.2
2.548,eV,486.59418524332807,2.548,0.7520263347554512,0.9787540959515368,8.716198648002063,numpy_gradient,ea.uv_vis.derivative_screening:v0.2
2.554,eV,485.4510509005482,2.554,0.758056082695015,1.0325796201073771,9.182106509108195,numpy_gradient,ea.uv_vis.derivative_screening:v0.2
2.56,eV,484.313275,2.56,0.7644172901967398,1.0889393740608355,9.55040895545109,numpy_gradient,ea.uv_vis.derivative_screening:v0.2
2.566,eV,483.1808199532346,2.566,0.771123355183745,1.14718452757279,9.799864520874848,numpy_gradient,ea.uv_vis.derivative_screening:v0.2
2.572,eV,482.0536485225505,2.572,0.7781835045276133,1.2065377483113338,9.909056189907034,numpy_gradient,ea.uv_vis.derivative_screening:v0.2
2.578,eV,480.9317238169123,2.578,0.7856018081634809,1.2660932018516746,9.857971341533059,numpy_gradient,ea.uv_vis.derivative_screening:v0.2
2.584,eV,479.81500928792565,2.584,0.7933766229498335,1.3248334044097305,9.627124002664772,numpy_gradient,ea.uv_vis.derivative_screening:v0.2
2.59,eV,478.70346872586873,2.59,0.8014998090163978,1.381618689883652,9.199836989128116,numpy_gradient,ea.uv_vis.derivative_screening:v0.2
2.596,eV,477.5970662557781,2.596,0.8099560472284374,1.4352314482792679,8.563470750804186,numpy_gradient,ea.uv_vis.derivative_screening:v0.2
2.602,eV,476.49576633358953,2.602,0.818722586395749,1.4843803388933026,7.707843427879183,numpy_gradient,ea.uv_vis.derivative_screening:v0.2
2.608,eV,475.39953374233124,2.608,0.827768611295157,1.5277255694138177,6.628215189071042,numpy_gradient,ea.uv_vis.derivative_screening:v0.2
2.614,eV,474.3083335883703,2.614,0.837055293228715,1.5639189211621556,5.325112682292911,numpy_gradient,ea.uv_vis.derivative_screening:v0.2
2.62,eV,473.2221312977099,2.62,0.8465356383491028,1.591626921601332,3.804855682599083,numpy_gradient,ea.uv_vis.derivative_screening:v0.2
2.626,eV,472.1408926123381,2.626,0.856154816287931,1.6095771893533453,2.080083740107682,numpy_gradient,ea.uv_vis.derivative_screening:v0.2
2.632,eV,471.0645835866261,2.632,0.8658505646213431,1.616587926482623,0.1695806306826455,numpy_gradient,ea.uv_vis.derivative_screening:v0.2
2.638,eV,469.99317058377557,2.638,0.8755538714057227,1.611612156921538,-1.9017256440687618,numpy_gradient,ea.uv_vis.derivative_screening:v0.2
2.644,eV,468.9266202723146,2.644,0.8851899105044015,1.593767218753797,-4.102762856788985,numpy_gradient,ea.uv_vis.derivative_screening:v0.2
2.65,eV,467.8648996226415,2.65,0.8946790780307682,1.5623790026400712,-6.396490103668285,numpy_gradient,ea.uv_vis.derivative_screening:v0.2
2.656,eV,466.8079759036144,2.656,0.9039384585360822,1.5170093375097764,-8.742004396148488,numpy_gradient,ea.uv_vis.derivative_screening:v0.2
2.662,eV,465.75581667918857,2.662,0.9128831900808856,1.45747494988629,-11.09401401299209,numpy_gradient,ea.uv_vis.derivative_screening:v0.2
2.668,eV,464.7083898050974,2.668,0.9214281579347178,1.3838811693538702,-13.404242894740364,numpy_gradient,ea.uv_vis.derivative_screening:v0.2
2.674,eV,463.6656634255796,2.674,0.9294897641131321,1.2966240351494065,-15.624239432625487,numpy_gradient,ea.uv_vis.derivative_screening:v0.2
2.68,eV,462.6276059701492,2.68,0.9369876463565107,1.1963902961623631,-17.7052009192724,numpy_gradient,ea.uv_vis.derivative_screening:v0.2
2.686,eV,461.5941861504095,2.686,0.9438464476670804,1.0841616241181384,-19.599553492445352,numpy_gradient,ea.uv_vis.derivative_screening:v0.2
2.692,eV,460.5653729569093,2.692,0.9499975858459284,0.961195654253018,-21.262883177440074,numpy_gradient,ea.uv_vis.derivative_screening:v0.2
2.698,eV,459.5411356560415,2.698,0.9553807955181166,0.829007025988858,-22.655515830852046,numpy_gradient,ea.uv_vis.derivative_screening:v0.2
2.704,eV,458.52144378698216,2.704,0.9599456701577948,0.6893294642827925,-23.744097084327613,numpy_gradient,ea.uv_vis.derivative_screening:v0.2
2.71,eV,457.50626715867156,2.71,0.96365274908951,0.5440778609769268,-24.501416795261548,numpy_gradient,ea.uv_vis.derivative_screening:v0.2
2.716,eV,456.4955758468335,2.716,0.9664746044895176,0.39531246273965337,-24.90834008917274,numpy_gradient,ea.uv_vis.derivative_screening:v0.2
2.722,eV,455.489340191036,2.722,0.968396498642386,0.24517777990685374,-24.954860655560868,numpy_gradient,ea.uv_vis.derivative_screening:v0.2
2.728,eV,454.4875307917888,2.728,0.9694167378483998,0.09585413487292271,-24.638871902737904,numpy_gradient,ea.uv_vis.derivative_screening:v0.2
2.734,eV,453.490118507681,2.734,0.9695467482608612,-0.050488682926001616,-23.967922450911068,numpy_gradient,ea.uv_vis.derivative_screening:v0.2
2.74,eV,452.49707445255467,2.74,0.9688108736532876,-0.19176093453801002,-22.95833838564451,numpy_gradient,ea.uv_vis.derivative_screening:v0.2
2.746,eV,451.50836999271667,2.746,0.9672456170464051,-0.3259887435537365,-21.633643314085614,numpy_gradient,ea.uv_vis.derivative_screening:v0.2
2.752,eV,450.52397674418603,2.752,0.9648990087306428,-0.451364654307028,-20.025787210138713,numpy_gradient,ea.uv_vis.derivative_screening:v0.2
2.758,eV,449.5438665699782,2.758,0.9618292411947207,-0.5662981900754005,-18.172337625527895,numpy_gradient,ea.uv_vis.derivative_screening:v0.2
2.764,eV,448.56801157742404,2.764,0.958103430449738,-0.6694327058133638,-16.115953041881724,numpy_gradient,ea.uv_vis.derivative_screening:v0.2
2.77,eV,447.59638411552345,2.77,0.9537960487249602,-0.7596896265779804,-13.903329574893199,numpy_gradient,ea.uv_vis.derivative_screening:v0.2
2.776,eV,446.6289567723343,2.776,0.9489871549308022,-0.8362726607120834,-11.581689988180074,numpy_gradient,ea.uv_vis.derivative_screening:v0.2
2.782,eV,445.6657023723939,2.782,0.9437607767964151,-0.8986699064361403,-9.200363637049136,numpy_gradient,ea.uv_vis.derivative_screening:v0.2
2.788,eV,444.706593974175,2.788,0.9382031160535684,-0.9466770243566742,-6.808504327486588,numpy_gradient,ea.uv_vis.derivative_screening:v0.2
2.794,eV,443.75160486757335,2.794,0.9324006525041351,-0.9803719583659785,-4.451052682120036,numpy_gradient,ea.uv_vis.derivative_screening:v0.2
2.8,eV,442.8007085714286,2.8,0.9264386525531766,-1.0000896565421158,-2.170316083972864,numpy_gradient,ea.uv_vis.derivative_screening:v0.2
2.806,eV,441.8538788310762,2.806,0.9203995766256295,-1.0064157513736518,-0.004915380601417496,numpy_gradient,ea.uv_vis.derivative_screening:v0.2
2.812,eV,440.9110896159317,2.812,0.9143616635366928,-1.0001486411093339,2.0126728061739385,numpy_gradient,ea.uv_vis.derivative_screening:v0.2
2.818,eV,439.9723151171043,2.818,0.9083977929323175,-0.9822636776995637,3.8552383337454046,numpy_gradient,ea.uv_vis.derivative_screening:v0.2
2.824,eV,439.0375297450425,2.824,0.902574499404298,-0.9538857811043897,5.501890834565813,numpy_gradient,ea.uv_vis.derivative_screening:v0.2
2.83,eV,438.10670812720844,2.83,0.8969511635590649,-0.9162409876847732,6.9389374626780835,numpy_gradient,ea.uv_vis.derivative_screening:v0.2
2.836,eV,437.1798251057828,2.836,0.8915796075520807,-0.8706185315522532,8.158302949960657,numpy_gradient,ea.uv_vis.derivative_screening:v0.2
2.842,eV,436.25685573539755,2.842,0.886503741180438,-0.8183413522852447,9.15770515541682,numpy_gradient,ea.uv_vis.derivative_screening:v0.2
2.848,eV,435.3377752808989,2.848,0.8817595113246578,-0.7607260696872515,9.939952867958574,numpy_gradient,ea.uv_vis.derivative_screening:v0.2
2.854,eV,434.42255921513663,2.854,0.8773750283441911,-0.6990619178697415,10.513472454335954,numpy_gradient,ea.uv_vis.derivative_screening:v0.2
2.86,eV,433.5111832167832,2.86,0.8733707683102211,-0.6345644002352202,10.891605661880021,numpy_gradient,ea.uv_vis.derivative_screening:v0.2
2.866,eV,432.6036231681786,2.866,0.8697602555413685,-0.568362649927181,11.08927418169732,numpy_gradient,ea.uv_vis.derivative_screening:v0.2
2.872,eV,431.6998551532033,2.872,0.8665504165110949,-0.5014931100548523,11.124559592431623,numpy_gradient,ea.uv_vis.derivative_screening:v0.2
2.878,eV,430.7998554551772,2.878,0.8637423382207103,-0.43486793481800134,11.01852781092914,numpy_gradient,ea.uv_vis.derivative_screening:v0.2
2.884,eV,429.903600554785,2.884,0.8613320012932788,-0.3692707763237024,10.791893655431057,numpy_gradient,ea.uv_vis.derivative_screening:v0.2
2.89,eV,429.0110671280276,2.89,0.859311088904826,-0.30536521095282865,10.465723042796519,numpy_gradient,ea.uv_vis.derivative_screening:v0.2
2.896,eV,428.1222320441989,2.896,0.8576676187618448,-0.24368209981014388,10.061784087104314,numpy_gradient,ea.uv_vis.derivative_screening:v0.2
2.902,eV,427.2370723638869,2.902,0.8563869037071042,-0.184623801907577,9.599562761447771,numpy_gradient,ea.uv_vis.derivative_screening:v0.2
2.908,eV,426.35556533700134,2.908,0.855452133138954,-0.1284873466727703,9.097842841687992,numpy_gradient,ea.uv_vis.derivative_screening:v0.2
2.914,eV,425.4776884008236,2.914,0.8548450555470309,-0.0754496878073212,8.574179258536883,numpy_gradient,ea.uv_vis.derivative_screening:v0.2
2.92,eV,424.60341917808216,2.92,0.8545467368852661,-0.025597195570327358,8.042967055179904,numpy_gradient,ea.uv_vis.derivative_screening:v0.2
2.926,eV,423.7327354750512,2.926,0.854537889200187,0.021065916854837496,7.517372429652125,numpy_gradient,ea.uv_vis.derivative_screening:v0.2
2.932,eV,422.86561527967257,2.932,0.8547995278875242,0.06461127358549845,7.008279438996598,numpy_gradient,ea.uv_vis.derivative_screening:v0.2
2.938,eV,422.00203675970045,2.938,0.8553132244832131,0.10516527012279653,6.524289999253081,numpy_gradient,ea.uv_vis.derivative_screening:v0.2
2.944,eV,421.14197826086956,2.944,0.8560615111289975,0.1429027535765357,6.07154833618041,numpy_gradient,ea.uv_vis.derivative_screening:v0.2
2.95,eV,420.2854183050847,2.95,0.8570280575261316,0.17802385015696132,5.654267633149818,numpy_gradient,ea.uv_vis.derivative_screening:v0.2
2.956,eV,419.43233558863324,2.956,0.858197797330881,0.21075396517433376,5.275783326988906,numpy_gradient,ea.uv_vis.derivative_screening:v0.2
2.962,eV,418.5827089804186,2.962,0.8595571051082236,0.24133325008082807,4.936622065625787,numpy_gradient,ea.uv_vis.derivative_screening:v0.2
2.968,eV,417.7365175202156,2.968,0.8610937963318509,0.2699934299618434,4.63625720113707,numpy_gradient,ea.uv_vis.derivative_screening:v0.2
2.974,eV,416.8937404169468,2.974,0.8627970262677659,0.29696833649447285,4.373810986989437,numpy_gradient,ea.uv_vis.derivative_screening:v0.2
2.98,eV,416.0543570469798,2.98,0.8646574163697847,0.3224791618057168,4.1462990849569366,numpy_gradient,ea.uv_vis.derivative_screening:v0.2
2.986,eV,415.2183469524447,2.986,0.8666667762094343,0.34672392551395603,3.95021050889709,numpy_gradient,ea.uv_vis.derivative_screening:v0.2
2.992,eV,414.38568983957214,2.992,0.8688181034759522,0.369881687912482,3.781858723366817,numpy_gradient,ea.uv_vis.derivative_screening:v0.2
2.998,eV,413.5563655770513,2.998,0.8711053564643841,0.39210623019435786,3.6368549956845158,numpy_gradient,ea.uv_vis.derivative_screening:v0.2
3.004,eV,412.7303541944074,3.004,0.8735233782382844,0.41352394786069624,3.5108105931652105,numpy_gradient,ea.uv_vis.derivative_screening:v0.2
3.01,eV,411.9076358803987,3.01,0.8760676438387123,0.4342359573123389,3.3993367831423384,numpy_gradient,ea.uv_vis.derivative_screening:v0.2
3.016,eV,411.0881909814323,3.016,0.8787342097260327,0.45431598925840433,3.2975181850147735,numpy_gradient,ea.uv_vis.derivative_screening:v0.2
3.022,eV,410.272,3.022,0.8815194357098131,0.47380617553251625,3.20026386886596,numpy_gradient,ea.uv_vis.derivative_screening:v0.2
3.028,eV,409.45904359313073,3.028,0.8844198838324229,0.49271915568479585,3.1037117499460933,numpy_gradient,ea.uv_vis.derivative_screening:v0.2
3.034,eV,408.64930257086354,3.034,0.8874320655780307,0.5110507165318694,3.0045263914229707,numpy_gradient,ea.uv_vis.derivative_screening:v0.2
3.04,eV,407.8427578947368,3.04,0.8905524924308055,0.5287734723818716,2.8981435113071896,numpy_gradient,ea.uv_vis.derivative_screening:v0.2
3.046,eV,407.03939067629676,3.046,0.8937773472466131,0.5458284386675558,2.78087657414617,numpy_gradient,ea.uv_vis.derivative_screening:v0.2
3.052,eV,406.2391821756225,3.052,0.8971024336948161,0.5621439912716255,2.6500923403401444,numpy_gradient,ea.uv_vis.derivative_screening:v0.2
3.058,eV,405.44211379986916,3.058,0.9005230751418726,0.5776295467516377,2.503157570278823,numpy_gradient,ea.uv_vis.derivative_screening:v0.2
3.064,eV,404.64816710182765,3.064,0.9040339882558357,0.5921818821149714,2.3377901229662683,numpy_gradient,ea.uv_vis.derivative_screening:v0.2
3.07,eV,403.8573237785016,3.07,0.9076292577272522,0.605683028227233,2.152234505336054,numpy_gradient,ea.uv_vis.derivative_screening:v0.2
3.076,eV,403.06956566970086,3.076,0.9113021845945625,0.6180086961790039,1.9450863229314024,numpy_gradient,ea.uv_vis.derivative_screening:v0.2
3.082,eV,402.2848747566515,3.082,0.9150453620814002,0.6290240641024099,1.7152922799065706,numpy_gradient,ea.uv_vis.derivative_screening:v0.2
3.088,eV,401.50323316062173,3.088,0.9188504733637913,0.6385922035378826,1.4626768269548336,numpy_gradient,ea.uv_vis.derivative_screening:v0.2
3.094,eV,400.7246231415643,3.094,0.9227084685238548,0.6465761860258681,1.1865377668497175,numpy_gradient,ea.uv_vis.derivative_screening:v0.2
3.1,eV,399.94902709677416,3.1,0.9266093875961017,0.652830656740079,0.8877528461255082,numpy_gradient,ea.uv_vis.derivative_screening:v0.2
3.106,eV,399.1764275595621,3.106,0.9305424364047357,0.6572292201793744,0.5673753606233944,numpy_gradient,ea.uv_vis.derivative_screening:v0.2
3.112,eV,398.4068071979434,3.112,0.9344961382382541,0.6596391610675596,0.22558085965346208,numpy_gradient,ea.uv_vis.derivative_screening:v0.2
3.118,eV,397.64014881334185,3.118,0.9384581063375463,0.6599361904952161,-0.13534851579183282,numpy_gradient,ea.uv_vis.derivative_screening:v0.2
3.124,eV,396.87643533930856,3.124,0.9424153725241966,0.6580149788780574,-0.5133061740316833,numpy_gradient,ea.uv_vis.derivative_screening:v0.2
3.13,eV,396.11564984025557,3.13,0.9463542860840829,0.6537765164068361,-0.9063610726809941,numpy_gradient,ea.uv_vis.derivative_screening:v0.2
3.136,eV,395.357775510204,3.136,0.9502606907210788,0.6471386460058852,-1.312055521440925,numpy_gradient,ea.uv_vis.derivative_screening:v0.2
3.142,eV,394.60279567154674,3.142,0.9541199498361536,0.6380318501495452,-1.7275807314049771,numpy_gradient,ea.uv_vis.derivative_screening:v0.2
3.148,eV,393.8506937738246,3.148,0.9579170729228733,0.6264076772290252,-2.1492501671171453,numpy_gradient,ea.uv_vis.derivative_screening:v0.2
3.154,eV,393.10145339251744,3.154,0.9616368419629019,0.6122408481441397,-2.573728391741504,numpy_gradient,ea.uv_vis.derivative_screening:v0.2
3.16,eV,392.3550582278481,3.16,0.965263963100603,0.5955229365281269,-2.9980310670581076,numpy_gradient,ea.uv_vis.derivative_screening:v0.2
3.166,eV,391.61149210360077,3.166,0.9687831172012396,0.5762644753394426,-3.418471657620124,numpy_gradient,ea.uv_vis.derivative_screening:v0.2
3.172,eV,390.87073896595206,3.172,0.9721791368046764,0.5545012766366852,-3.831188078669612,numpy_gradient,ea.uv_vis.derivative_screening:v0.2
3.178,eV,390.1327828823159,3.178,0.9754371325208799,0.5302902183954075,-4.231967146831508,numpy_gradient,ea.uv_vis.derivative_screening:v0.2
3.184,eV,389.39760804020096,3.184,0.9785426194254212,0.5037176708747069,-4.616946777352638,numpy_gradient,ea.uv_vis.derivative_screening:v0.2
3.19,eV,388.6651987460815,3.19,0.9814817445713765,0.47488685706717604,-4.98331818132057,numpy_gradient,ea.uv_vis.derivative_screening:v0.2
3.196,eV,387.9355394242803,3.196,0.9842412617102273,0.44391785269885986,-5.3272192739785496,numpy_gradient,ea.uv_vis.derivative_screening:v0.2
3.202,eV,387.2086146158651,3.202,0.9868087588037627,0.4109602257794336,-5.6446124212593745,numpy_gradient,ea.uv_vis.derivative_screening:v0.2
3.208,eV,386.4844089775561,3.208,0.9891727844195805,0.37618250364374717,-5.9325132849383095,numpy_gradient,ea.uv_vis.derivative_screening:v0.2
3.214,eV,385.76290728064714,3.214,0.9913229488474878,0.33977006636017393,-6.188464174723393,numpy_gradient,ea.uv_vis.derivative_screening:v0.2
3.22,eV,385.0440944099378,3.22,0.9932500252159026,0.3019209335470663,-6.409656301702427,numpy_gradient,ea.uv_vis.derivative_screening:v0.2
3.226,eV,384.3279553626782,3.226,0.9949460000500526,0.2628541907397448,-6.593105327646956,numpy_gradient,ea.uv_vis.derivative_screening:v0.2
3.232,eV,383.6144752475247,3.232,0.9964042755047794,0.22280366961530262,-6.7372313087948505,numpy_gradient,ea.uv_vis.derivative_screening:v0.2
3.238,eV,382.9036392835083,3.238,0.9976196440854364,0.1820074150342066,-6.840805399998343,numpy_gradient,ea.uv_vis.derivative_screening:v0.2
3.244,eV,382.19543279901353,3.244,0.9985883644851898,0.14071400481532237,-6.902774305411672,numpy_gradient,ea.uv_vis.derivative_screening:v0.2
3.25,eV,381.48984123076923,3.25,0.9993082121432202,0.09917412336926645,-6.92208472919519,numpy_gradient,ea.uv_vis.derivative_screening:v0.2
3.256,eV,380.7868501228501,3.256,0.9997784539656209,0.05764898806498309,-6.898210023428197,numpy_gradient,ea.uv_vis.derivative_screening:v0.2
3.262,eV,380.08644512568975,3.262,1.0,0.01639560308812804,-6.832027934642317,numpy_gradient,ea.uv_vis.derivative_screening:v0.2
3.268,eV,379.38861199510404,3.268,0.9999752012026785,-0.02433534715072483,-6.723889561454161,numpy_gradient,ea.uv_vis.derivative_screening:v0.2
3.274,eV,378.6933365913256,3.274,0.9997079758341914,-0.06429107164932191,-6.574848199704762,numpy_gradient,ea.uv_vis.derivative_screening:v0.2
3.28,eV,378.00060487804876,3.28,0.9992037083428867,-0.10323352554718213,-6.387010441082218,numpy_gradient,ea.uv_vis.derivative_screening:v0.2
3.286,eV,377.31040292148504,3.286,0.9984691735276251,-0.1409351969423085,-6.161780680043197,numpy_gradient,ea.uv_vis.derivative_screening:v0.2
3.292,eV,376.6227168894289,3.292,0.9975124859795791,-0.17717489370770068,-5.901265508271086,numpy_gradient,ea.uv_vis.derivative_screening:v0.2
3.298,eV,375.9375330503335,3.298,0.9963430748031327,-0.21175038304156146,-5.6086248132961085,numpy_gradient,ea.uv_vis.derivative_screening:v0.2
3.304,eV,375.2548377723971,3.304,0.9949714813830803,-0.24447839146725414,-5.286491834725155,numpy_gradient,ea.uv_vis.derivative_screening:v0.2
3.31,eV,374.57461752265857,3.31,0.9934093341055256,-0.2751882850582632,-4.938377558696988,numpy_gradient,ea.uv_vis.derivative_screening:v0.2
3.316,eV,373.89685886610374,3.316,0.9916692219623812,-0.30373892217161824,-4.567968520666703,numpy_gradient,ea.uv_vis.derivative_screening:v0.2
3.322,eV,373.2215484647802,3.322,0.9897644670394661,-0.3300039073062635,-4.17807350954763,numpy_gradient,ea.uv_vis.derivative_screening:v0.2
3.328,eV,372.5486730769231,3.328,0.987709175074706,-0.35387580428619003,-3.7725546100873117,numpy_gradient,ea.uv_vis.derivative_screening:v0.2
3.334,eV,371.87821955608877,3.334,0.9855179573880319,-0.37527456262731107,-3.3558005549766605,numpy_gradient,ea.uv_vis.derivative_screening:v0.2
3.34,eV,371.2101748502994,3.34,0.9832058803231781,-0.39414541094591016,-2.931497879660128,numpy_gradient,ea.uv_vis.derivative_screening:v0.2
3.346,eV,370.54452600119544,3.346,0.9807882124566811,-0.4104525371832324,-2.5028064716619483,numpy_gradient,ea.uv_vis.derivative_screening:v0.2
3.352,eV,369.88126014319806,3.352,0.9782804498769793,-0.42417908860585385,-2.073588415746279,numpy_gradient,ea.uv_vis.derivative_screening:v0.2
3.358,eV,369.2203645026801,3.358,0.9756980633934109,-0.4353355981721876,-1.6480568952772288,numpy_gradient,ea.uv_vis.derivative_screening:v0.2
3.364,eV,368.56182639714626,3.364,0.973056422698913,-0.44395577134918085,-1.2293717977864276,numpy_gradient,ea.uv_vis.derivative_screening:v0.2
3.37,eV,367.9056332344213,3.37,0.9703705941372206,-0.4500880597456245,-0.8203419121895479,numpy_gradient,ea.uv_vis.derivative_screening:v0.2
3.376,eV,367.25177251184834,3.376,0.9676553659819654,-0.45379987429545565,-0.4241271260123014,numpy_gradient,ea.uv_vis.derivative_screening:v0.2
3.382,eV,366.60023181549377,3.382,0.964924995645675,-0.45517758525777197,-0.04353622816683611,numpy_gradient,ea.uv_vis.derivative_screening:v0.2
3.388,eV,365.95099881936244,3.388,0.9621932349588722,-0.4543223090334578,0.3187975417363873,numpy_gradient,ea.uv_vis.derivative_screening:v0.2
3.394,eV,365.3040612846199,3.394,0.9594731279372735,-0.4513520147569352,0.6609431413219795,numpy_gradient,ea.uv_vis.derivative_screening:v0.2
3.4,eV,364.6594070588235,3.4,0.956777010781789,-0.4463909913375943,0.9811450775162598,numpy_gradient,ea.uv_vis.derivative_screening:v0.2
3.406,eV,364.01702407516143,3.406,0.9541164360412222,-0.43957827382674,1.2776478572457535,numpy_gradient,ea.uv_vis.derivative_screening:v0.2
3.412,eV,363.3769003516999,3.412,0.9515020714958681,-0.4310592170506453,1.549573733980715,numpy_gradient,ea.uv_vis.derivative_screening:v0.2
3.418,eV,362.73902399063775,3.418,0.9489437254366143,-0.42098338901897137,1.7956938625699195,numpy_gradient,ea.uv_vis.derivative_screening:v0.2
3.424,eV,362.1033831775701,3.424,0.9464502708276403,-0.4095108906998064,2.0153060457796244,numpy_gradient,ea.uv_vis.derivative_screening:v0.2
3.43,eV,361.469966180758,3.43,0.9440295947482165,-0.39679971646961576,2.2087613822279266,numpy_gradient,ea.uv_vis.derivative_screening:v0.2
3.436,eV,360.8387613504074,3.436,0.9416886742300049,-0.38300575411307136,2.3760598719206776,numpy_gradient,ea.uv_vis.derivative_screening:v0.2
3.442,eV,360.2097571179546,3.442,0.9394335256988596,-0.3682869980065675,2.516850416235176,numpy_gradient,ea.uv_vis.derivative_screening:v0.2
3.448,eV,359.5829419953596,3.448,0.9372692302539261,-0.3528035491182493,2.6318352123979523,numpy_gradient,ea.uv_vis.derivative_screening:v0.2
3.454,eV,358.95830457440644,3.454,0.9351998831094406,-0.336704975457792,2.7224186548740654,numpy_gradient,ea.uv_vis.derivative_screening:v0.2
3.46,eV,358.3358335260115,3.46,0.9332287705484327,-0.3201345252597605,2.7891273915834276,numpy_gradient,ea.uv_vis.derivative_screening:v0.2
3.466,eV,357.7155175995383,3.466,0.9313582688063234,-0.30323544675879077,2.8328391690545587,numpy_gradient,ea.uv_vis.derivative_screening:v0.2
3.472,eV,357.0973456221198,3.472,0.9295899451873271,-0.28614045523110576,2.8551339310602906,numpy_gradient,ea.uv_vis.derivative_screening:v0.2
3.478,eV,356.4813064979873,3.478,0.9279245833435503,-0.26897383958606724,2.857767170668282,numpy_gradient,ea.uv_vis.derivative_screening:v0.2
3.484,eV,355.8673892078071,3.484,0.9263622591122941,-0.2518472491830863,2.841967733023882,numpy_gradient,ea.uv_vis.derivative_screening:v0.2
3.49,eV,355.2555828080229,3.49,0.9249024163533532,-0.23487022678978065,2.809140012593282,numpy_gradient,ea.uv_vis.derivative_screening:v0.2
3.496,eV,354.64587643020593,3.496,0.9235438163908168,-0.2181375690319669,2.7610395024454313,numpy_gradient,ea.uv_vis.derivative_screening:v0.2
3.502,eV,354.0382592804112,3.502,0.9222847655249699,-0.2017377527604367,2.699246146333916,numpy_gradient,ea.uv_vis.derivative_screening:v0.2
3.508,eV,353.43272063854045,3.508,0.9211229633576915,-0.18574661527595993,2.625866535954197,numpy_gradient,ea.uv_vis.derivative_screening:v0.2
3.514,eV,352.829249857712,3.514,0.9200558061416585,-0.17022735432898628,2.5421295164610083,numpy_gradient,ea.uv_vis.derivative_screening:v0.2
3.52,eV,352.22783636363636,3.52,0.9190802351057438,-0.15524106107842783,2.449615031605857,numpy_gradient,ea.uv_vis.derivative_screening:v0.2
3.526,eV,351.6284696539989,3.526,0.9181929134087173,-0.14083197394971592,2.350078574464714,numpy_gradient,ea.uv_vis.derivative_screening:v0.2
3.532,eV,351.0311392978482,3.532,0.9173902514183472,-0.12704011818485128,2.2449245394978288,numpy_gradient,ea.uv_vis.derivative_screening:v0.2
3.538,eV,350.43583493499153,3.538,0.9166684319904991,-0.11389287947574189,2.1353817718541297,numpy_gradient,ea.uv_vis.derivative_screening:v0.2
3.544,eV,349.842546275395,3.544,0.9160235368646382,-0.10141553692260175,2.022503567373466,numpy_gradient,ea.uv_vis.derivative_screening:v0.2
3.55,eV,349.25126309859155,3.55,0.9154514455474279,-0.08962283666726023,1.9083965177415534,numpy_gradient,ea.uv_vis.derivative_screening:v0.2
3.556,eV,348.6619752530933,3.556,0.914948062824631,-0.07851477870970314,1.7939383694963293,numpy_gradient,ea.uv_vis.derivative_screening:v0.2
3.562,eV,348.07467265581136,3.562,0.9145092682029113,-0.0680955762333042,1.6791291226378293,numpy_gradient,ea.uv_vis.derivative_screening:v0.2
3.568,eV,347.48934529147976,3.568,0.9141309159098314,-0.05836522923804921,1.5655487209293941,numpy_gradient,ea.uv_vis.derivative_screening:v0.2
3.574,eV,346.9059832120873,3.574,0.9138088854520547,-0.04930899158215141,1.4546015588277825,numpy_gradient,ea.uv_vis.derivative_screening:v0.2
3.58,eV,346.3245765363128,3.58,0.9135392080108458,-0.04091001053211585,1.346112087026317,numpy_gradient,ea.uv_vis.derivative_screening:v0.2
3.586,eV,345.7451154489682,3.586,0.9133179653256694,-0.03315564653783554,1.2406069534437858,numpy_gradient,ea.uv_vis.derivative_screening:v0.2
3.592,eV,345.1675902004454,3.592,0.9131413402523917,-0.026022727090790454,1.139139453924775,numpy_gradient,ea.uv_vis.derivative_screening:v0.2
3.598,eV,344.5919911061701,3.598,0.91300569260058,-0.019485973090738185,1.04188513777833,numpy_gradient,ea.uv_vis.derivative_screening:v0.2
3.604,eV,344.0183085460599,3.604,0.9129075085753028,-0.013520105437450525,0.9491951036189008,numpy_gradient,ea.uv_vis.derivative_screening:v0.2
3.61,eV,343.4465329639889,3.61,0.9128434513353305,-0.008095631847311324,0.8610693514441461,numpy_gradient,ea.uv_vis.derivative_screening:v0.2
3.616,eV,342.8766548672566,3.616,0.912810360993135,-0.003187273220120801,0.7775078812504869,numpy_gradient,ea.uv_vis.derivative_screening:v0.2
3.622,eV,342.3086648260629,3.622,0.912805204056689,0.001234462727694563,0.699388439579472,numpy_gradient,ea.uv_vis.derivative_screening:v0.2
3.628,eV,341.7425534729878,3.628,0.9128251745458674,0.005205388054832838,0.6263599278166004,numpy_gradient,ea.uv_vis.derivative_screening:v0.2
3.634,eV,341.1783115024766,3.634,0.9128676687133469,0.008750781861493806,0.5575445994262909,numpy_gradient,ea.uv_vis.derivative_screening:v0.2
3.64,eV,340.61592967032965,3.64,0.9129301839282055,0.011895923247948303,0.4938202009405729,numpy_gradient,ea.uv_vis.derivative_screening:v0.2
3.646,eV,340.05539879319804,3.646,0.9130104197923222,0.014676624272780714,0.4353622816649285,numpy_gradient,ea.uv_vis.derivative_screening:v0.2
3.652,eV,339.4967097480832,3.652,0.9131063034194786,0.017120270627927425,0.3811175457665641,numpy_gradient,ea.uv_vis.derivative_screening:v0.2
3.658,eV,338.9398534718425,3.658,0.9132158630398574,0.01925003482197951,0.33126154254266904,numpy_gradient,ea.uv_vis.derivative_screening:v0.2
3.664,eV,338.3848209606987,3.664,0.9133373038373422,0.021095409138439436,0.28596982130224347,numpy_gradient,ea.uv_vis.derivative_screening:v0.2
3.67,eV,337.83160326975474,3.67,0.9134690079495187,0.022681672677606457,0.24454018482345075,numpy_gradient,ea.uv_vis.derivative_screening:v0.2
3.676,eV,337.28019151251357,3.676,0.9136094839094736,0.02402989135632083,0.2066215344858795,numpy_gradient,ea.uv_vis.derivative_screening:v0.2
3.682,eV,336.7305768604019,3.682,0.9137573666457945,0.025161131091437028,0.1725649689040183,numpy_gradient,ea.uv_vis.derivative_screening:v0.2
3.688,eV,336.1827505422993,3.688,0.9139114174825708,0.02610067098316904,0.1420193894610109,numpy_gradient,ea.uv_vis.derivative_screening:v0.2
3.694,eV,335.63670384407146,3.694,0.9140705746975925,0.026865363764969175,0.11410704962955309,numpy_gradient,ea.uv_vis.derivative_screening:v0.2
3.7,eV,335.0924281081081,3.7,0.9142338018477505,0.02746995557872367,0.08953014663504089,numpy_gradient,ea.uv_vis.derivative_screening:v0.2
3.706,eV,334.5499147328656,3.706,0.9144002141645372,0.027939725524589676,0.06793758185589693,numpy_gradient,ea.uv_vis.derivative_screening:v0.2
3.712,eV,334.0091551724137,3.712,0.9145690785540457,0.028285206560994425,0.047924960844861086,numpy_gradient,ea.uv_vis.derivative_screening:v0.2
3.718,eV,333.47014093598705,3.718,0.9147396366432693,0.02851482505472802,0.030545579440637294,numpy_gradient,ea.uv_vis.derivative_screening:v0.2
3.724,eV,332.9328635875402,3.724,0.9149112564547023,0.028651753514282063,0.015623888333019309,numpy_gradient,ea.uv_vis.derivative_screening:v0.2
3.73,eV,332.3973147453083,3.73,0.9150834576854405,0.02870231171472426,0.0019310423790375175,numpy_gradient,ea.uv_vis.derivative_screening:v0.2
3.736,eV,331.8634860813704,3.736,0.915255684195279,0.028674926022830505,-0.009830761197094695,numpy_gradient,ea.uv_vis.derivative_screening:v0.2
3.742,eV,331.3313693212186,3.742,0.9154275567977144,0.028584342580359134,-0.020012621012218013,numpy_gradient,ea.uv_vis.derivative_screening:v0.2
3.748,eV,330.8009562433297,3.748,0.9155986963062432,0.028434774570683885,-0.02896563567726229,numpy_gradient,ea.uv_vis.derivative_screening:v0.2
3.754,eV,330.27223867874267,3.754,0.9157687740925625,0.02823675495223199,-0.03633870657656413,numpy_gradient,ea.uv_vis.derivative_screening:v0.2
3.76,eV,329.7452085106383,3.76,0.9159375373656701,0.027998710091765133,-0.043009580243353884,numpy_gradient,ea.uv_vis.derivative_screening:v0.2
3.766,eV,329.21985767392454,3.766,0.9161047586136638,0.027720639989311735,-0.048978256687111976,numpy_gradient,ea.uv_vis.derivative_screening:v0.2
3.772,eV,328.696178154825,3.772,0.9162701850455417,0.02741097101151979,-0.05354253867532588,numpy_gradient,ea.uv_vis.derivative_screening:v0.2
3.778,eV,328.17416199047113,3.778,0.9164336902658022,0.027078129525207828,-0.042131833710210564,numpy_gradient,ea.uv_vis.derivative_screening:v0.2
3.784,eV,327.6538012684989,3.784,0.9165951225998442,0.02690538900699725,-0.02879008636843099,numpy_gradient,ea.uv_vis.derivative_screening:v0.2
