uv_vis_axis,raw_signal,energy_eV,wavelength_nm,processed_signal,tauc_energy_eV,tauc_alpha_proxy,tauc_y,tauc_fit_window
1.15,0.0095,1.15,1078.123464347826,0.024015145214527293,1.15,0.0095,0.00011935562499999998,False
1.156,0.009515,1.156,1072.5276678200692,0.02405306386486602,1.156,0.009515,0.00012098548043559996,False
1.162,0.00953,1.162,1066.9896592082616,0.024090982515204747,1.162,0.00953,0.0001226303752996,False
1.168,0.009545,1.168,1061.5085479452055,0.024128901165543476,1.168,0.009545,0.00012429039007359996,False
1.174,0.00956,1.174,1056.083461669506,0.024166819815882205,1.174,0.00956,0.0001259656054336,False
1.18,0.009575,1.18,1050.7135457627119,0.02420473846622093,1.18,0.009575,0.00012765610225,False
1.186,0.00959,1.186,1045.397962900506,0.024242657116559655,1.186,0.00959,0.00012936196158759998,False
1.192,0.009605,1.192,1040.1358926174496,0.024280575766898387,1.192,0.009605,0.0001310832647056,False
1.198,0.00962,1.198,1034.926530884808,0.024318494417237112,1.198,0.00962,0.0001328200930576,False
1.204,0.009635,1.204,1029.7690897009966,0.024356413067575838,1.204,0.009635,0.00013457252829159999,False
1.21,0.00965,1.21,1024.6627966942149,0.024394331717914566,1.21,0.00965,0.00013634065225000004,False
1.216,0.009665,1.216,1019.606894736842,0.024432250368253295,1.216,0.009665,0.0001381245469696,False
1.222,0.00968,1.222,1014.6006415711947,0.02447016901859202,1.222,0.00968,0.0001399242946816,False
1.228,0.009695,1.228,1009.643309446254,0.02450808766893075,1.228,0.009695,0.0001417399778116,False
1.234,0.00971,1.234,1004.7341847649918,0.024546006319269474,1.234,0.00971,0.0001435716789796,False
1.24,0.009725,1.24,999.8725677419354,0.0245839249696082,1.24,0.009725,0.00014541948099999996,False
1.246,0.00974,1.246,995.0577720706259,0.02462184361994693,1.246,0.00974,0.0001472834668816,False
1.252,0.009755,1.252,990.289124600639,0.024659762270285657,1.252,0.009755,0.00014916371982760001,False
1.258,0.00977,1.258,985.5659650238473,0.024697680920624382,1.258,0.00977,0.00015106032323559997,False
1.264,0.009785,1.264,980.8876455696202,0.024735599570963114,1.264,0.009785,0.00015297336069760003,False
1.27,0.0098,1.27,976.2535307086613,0.02477351822130184,1.27,0.0098,0.000154902916,False
1.276,0.009815,1.276,971.6629968652037,0.024811436871640568,1.276,0.009815,0.00015684907312360003,False
1.282,0.00983,1.282,967.1154321372854,0.024849355521979293,1.282,0.00983,0.0001588119162436,False
1.288,0.009845,1.288,962.6102360248447,0.024887274172318022,1.288,0.009845,0.0001607915297296,False
1.294,0.00986,1.294,958.1468191653786,0.02492519282265675,1.294,0.00986,0.0001627879981456,False
1.3,0.009875,1.3,953.724603076923,0.024963111472995476,1.3,0.009875,0.00016480140624999999,False
1.306,0.00989,1.306,949.3430199081163,0.0250010301233342,1.306,0.00989,0.0001668318389956,False
1.312,0.009905,1.312,945.0015121951218,0.025038948773672933,1.312,0.009905,0.00016887938152960002,False
1.318,0.00992,1.318,940.6995326251896,0.02507686742401166,1.318,0.00992,0.00017094411919360003,False
1.324,0.009935,1.324,936.4365438066465,0.025114786074350384,1.324,0.009935,0.0001730261375236,False
1.33,0.00995,1.33,932.2120180451127,0.025152704724689112,1.33,0.00995,0.00017512552225000007,False
1.336,0.009965,1.336,928.0254371257483,0.02519062337502784,1.336,0.009965,0.0001772423592976,False
1.342,0.00998,1.342,923.8762921013412,0.025228542025366566,1.342,0.00998,0.00017937673478559998,False
1.348,0.009995,1.348,919.7640830860532,0.025266460675705295,1.348,0.009995,0.0001815287350276,False
1.354,0.01001,1.354,915.6883190546528,0.02530437932604402,1.354,0.01001,0.00018369844653160004,False
1.36,0.010025,1.36,911.6485176470587,0.025342297976382745,1.36,0.010025,0.000185885956,False
1.366,0.01004,1.366,907.6442049780379,0.025380216626721477,1.366,0.01004,0.00018809135032960006,False
1.372,0.010055,1.372,903.6749154518949,0.025418135277060203,1.372,0.010055,0.00019031471661160002,False
1.378,0.01007,1.378,899.7401915820029,0.02545605392739893,1.378,0.01007,0.0001925561421316,False
1.384,0.010085,1.384,895.839583815029,0.02549397257773766,1.384,0.010085,0.00019481571436959997,False
1.39,0.0101,1.39,891.9726503597122,0.025531891228076385,1.39,0.0101,0.00019709352099999994,False
1.396,0.010115,1.396,888.1389570200573,0.025569809878415114,1.396,0.010115,0.00019938964989160002,False
1.402,0.01013,1.402,884.3380770328102,0.02560772852875384,1.402,0.01013,0.0002017041891076,False
1.408,0.010145,1.408,880.569590909091,0.025645647179092568,1.408,0.010145,0.00020403722690559998,False
1.414,0.01016,1.414,876.8330862800566,0.025683565829431296,1.414,0.01016,0.00020638885173760002,False
1.42,0.010175,1.42,873.1281577464789,0.02572148447977002,1.42,0.010175,0.00020875915225,False
1.426,0.01019,1.426,869.4544067321178,0.025759403130108747,1.426,0.01019,0.00021114821728359997,False
1.432,0.010205,1.432,865.8114413407822,0.02579732178044748,1.432,0.010205,0.0002135561358736,False
1.438,0.01022,1.438,862.198876216968,0.025835240430786204,1.438,0.01022,0.00021598299724959996,False
1.444,0.010235,1.444,858.6163324099723,0.02587315908112493,1.444,0.010235,0.00021842889083559995,False
1.45,0.01025,1.45,855.0634372413792,0.025911077731463658,1.45,0.01025,0.00022089390625,False
1.456,0.010265,1.456,851.5398241758242,0.025948996381802387,1.456,0.010265,0.0002233781333056,False
1.462,0.01028,1.462,848.0451326949384,0.025986915032141112,1.462,0.01028,0.00022588166200959996,False
1.468,0.010295,1.468,844.5790081743869,0.02602483368247984,1.468,0.010295,0.00022840458256359998,False
1.474,0.01031,1.474,841.1411017639077,0.026062752332818566,1.474,0.01031,0.00023094698536359998,False
1.48,0.010325,1.48,837.7310702702703,0.026100670983157298,1.48,0.010325,0.00023350896100000004,False
1.486,0.01034,1.486,834.3485760430685,0.026138589633496023,1.486,0.01034,0.00023609060025760002,False
1.492,0.010355,1.492,830.9932868632707,0.02617650828383475,1.492,0.010355,0.00023869199411559995,False
1.498,0.01037,1.498,827.6648758344459,0.026214426934173477,1.498,0.01037,0.00024131323374760002,False
1.504,0.010385,1.504,824.3630212765956,0.026252345584512206,1.504,0.010385,0.00024395441052160003,False
1.51,0.0104,1.51,821.0874066225165,0.02629026423485093,1.51,0.0104,0.000246615616,False
1.516,0.010415,1.516,817.8377203166226,0.02632818288518966,1.516,0.010415,0.00024929694193960003,False
1.522,0.01043,1.522,814.6136557161628,0.026366101535528385,1.522,0.01043,0.0002519984802916,False
1.528,0.010445,1.528,811.4149109947643,0.026404020185867114,1.528,0.010445,0.0002547203232016,False
1.534,0.01046,1.534,808.2411890482398,0.026441938836205842,1.534,0.01046,0.0002574625630096,False
1.54,0.010475,1.54,805.0921974025973,0.026479857486544568,1.54,0.010475,0.00026022529225,False
1.546,0.01049,1.546,801.9676481241913,0.026517776136883293,1.546,0.01049,0.00026300860365159997,False
1.552,0.010505,1.552,798.8672577319587,0.026555694787222025,1.552,0.010505,0.0002658125901376,False
1.558,0.01052,1.558,795.7907471116815,0.02659361343756075,1.558,0.01052,0.00026863734482560005,False
1.564,0.010535,1.564,792.737841432225,0.026631532087899475,1.564,0.010535,0.00027148296102760003,False
1.57,0.01055,1.57,789.7082700636942,0.026669450738238204,1.57,0.01055,0.00027434953225000005,False
1.576,0.010565,1.576,786.7017664974618,0.026707369388576933,1.576,0.010565,0.00027723715219359996,False
1.582,0.01058,1.582,783.718068268015,0.02674528803891566,1.582,0.01058,0.00028014591475360005,False
1.588,0.010595,1.588,780.7569168765742,0.026783206689254387,1.588,0.010595,0.0002830759140196,False
1.594,0.01061,1.594,777.8180577164366,0.026821125339593112,1.594,0.01061,0.0002860272442756,False
1.6,0.010625,1.6,774.9012399999999,0.026859043989931844,1.6,0.010625,0.00028900000000000003,False
1.606,0.01064,1.606,772.006216687422,0.02689696264027057,1.606,0.01064,0.0002919942758656,False
1.612,0.010655,1.612,769.1327444168734,0.026934881290609294,1.612,0.010655,0.00029501016673960006,False
1.618,0.01067,1.618,766.2805834363411,0.026972799940948023,1.618,0.01067,0.0002980477676836,False
1.624,0.010685,1.624,763.4494975369457,0.02701071859128675,1.624,0.010685,0.0003011071739536,False
1.63,0.0107,1.63,760.6392539877301,0.027048637241625477,1.63,0.0107,0.0003041884809999999,False
1.636,0.010715,1.636,757.8496234718826,0.027086555891964206,1.636,0.010715,0.00030729178446759994,False
1.642,0.01073,1.642,755.0803800243606,0.02712447454230293,1.642,0.01073,0.00031041718019559993,False
1.648,0.010745,1.648,752.3313009708738,0.02716239319264166,1.648,0.010745,0.00031356476421759996,False
1.654,0.01076,1.654,749.6021668681983,0.027200311842980388,1.654,0.01076,0.0003167346327616,False
1.66,0.010775,1.66,746.8927614457831,0.027238230493319113,1.66,0.010775,0.00031992688225,False
1.666,0.01079,1.666,744.2028715486194,0.02727614914365784,1.666,0.01079,0.0003231416092995999,False
1.672,0.010805,1.672,741.5322870813397,0.02731406779399657,1.672,0.010805,0.00032637891072159997,False
1.678,0.01082,1.678,738.8808009535161,0.027351986444335296,1.678,0.01082,0.00032963888352159995,False
1.684,0.010835,1.684,736.2482090261283,0.02738990509467402,1.684,0.010835,0.0003329216248995999,False
1.69,0.01085,1.69,733.6343100591715,0.02742782374501275,1.69,0.01085,0.00033622723224999997,False
1.696,0.010865,1.696,731.0389056603773,0.02746574239535148,1.696,0.010865,0.00033955580316159996,False
1.702,0.01088,1.702,728.4618002350176,0.027503661045690207,1.702,0.01088,0.0003429074354176,False
1.708,0.010895,1.708,725.9028009367681,0.027541579696028932,1.708,0.010895,0.00034628222699559995,False
1.714,0.01091,1.714,723.3617176196033,0.027579498346367658,1.714,0.01091,0.0003496802760676,False
1.72,0.010925,1.72,720.8383627906976,0.02761741699670639,1.72,0.010925,0.0003531016810000001,False
1.726,0.01094,1.726,718.3325515643105,0.027655335647045115,1.726,0.01094,0.00035654654035360004,False
1.732,0.010955,1.732,715.8441016166281,0.02769325429738384,1.732,0.010955,0.0003600149528835999,False
1.738,0.01097,1.738,713.372833141542,0.02773117294772257,1.738,0.01097,0.00036350701753960004,False
1.744,0.010985,1.744,710.9185688073394,0.027769091598061298,1.744,0.010985,0.0003670228334656,False
1.75,0.011,1.75,708.4811337142856,0.027807010248400023,1.75,0.011,0.0003705625,False
1.756,0.011015,1.756,706.0603553530751,0.02784492889873875,1.756,0.011015,0.00037412611667559997,False
1.762,0.01103,1.762,703.6560635641316,0.027882847549077477,1.762,0.01103,0.0003777137832195999,False
1.768,0.011045,1.768,701.2680904977375,0.027920766199416205,1.768,0.011045,0.0003813255995536,False
1.774,0.01106,1.774,698.8962705749717,0.027958684849754934,1.774,0.01106,0.00038496166579359996,False
1.78,0.011075,1.78,696.5404404494382,0.02799660350009366,1.78,0.011075,0.0003886220822499999,False
1.786,0.01109,1.786,694.2004389697648,0.028034522150432385,1.786,0.01109,0.0003923069494276,False
1.792,0.011105,1.792,691.8761071428571,0.028072440800771117,1.792,0.011105,0.0003960163680256,False
1.798,0.01112,1.798,689.5672880978865,0.028110359451109842,1.798,0.01112,0.00039975043893759996,False
1.804,0.011135,1.804,687.2738270509977,0.02814827810144857,1.804,0.011135,0.0004035092632516,False
1.81,0.01115,1.81,684.9955712707182,0.028186196751787296,1.81,0.01115,0.00040729294225000005,False
1.816,0.011165,1.816,682.7323700440528,0.028224115402126024,1.816,0.011165,0.00041110157740960004,False
1.822,0.01118,1.822,680.4840746432491,0.028262034052464753,1.822,0.01118,0.0004149352704016001,False
1.828,0.011195,1.828,678.2505382932166,0.02829995270280348,1.828,0.011195,0.0004187941230916,False
1.834,0.01121,1.834,676.0316161395855,0.028337871353142204,1.834,0.01121,0.0004226782375396,False
1.84,0.011225,1.84,673.8271652173912,0.028375790003480936,1.84,0.011225,0.0004265877160000001,False
1.846,0.01124,1.846,671.6370444203683,0.02841370865381966,1.846,0.01124,0.00043052266092159997,False
1.852,0.011255,1.852,669.4611144708423,0.028451627304158386,1.852,0.011255,0.0004344831749476,False
1.858,0.01127,1.858,667.2992378902045,0.028489545954497115,1.858,0.01127,0.0004384693609156001,False
1.864,0.011285,1.864,665.151278969957,0.028527464604835844,1.864,0.011285,0.00044248132185760003,False
1.87,0.0113,1.87,663.0171037433154,0.02856538325517457,1.87,0.0113,0.00044651916100000005,False
1.876,0.011315,1.876,660.896579957356,0.028603301905513297,1.876,0.011315,0.0004505829817636,False
1.882,0.01133,1.882,658.7895770456961,0.028641220555852023,1.882,0.01133,0.0004546728877635999,False
1.888,0.011345,1.888,656.6959661016949,0.02867913920619075,1.888,0.011345,0.00045878898280959994,False
1.894,0.01136,1.894,654.6156198521647,0.02871705785652948,1.894,0.01136,0.0004629313709055999,False
1.9,0.011375,1.9,652.5484126315789,0.028754976506868205,1.9,0.011375,0.00046710015625,False
1.906,0.01139,1.906,650.4942203567681,0.028792895157206937,1.906,0.01139,0.0004712954432356,False
1.912,0.011405,1.912,648.4529205020921,0.028830813807545663,1.912,0.011405,0.0004755173364496,False
1.918,0.01142,1.918,646.4243920750782,0.028868732457884388,1.918,0.01142,0.00047976594067359994,False
1.924,0.011435,1.924,644.4085155925155,0.028906651108223116,1.924,0.011435,0.0004840413608836,False
1.93,0.01145,1.93,642.4051730569948,0.02894456975856184,1.93,0.01145,0.00048834370225,False
1.936,0.011465,1.936,640.4142479338843,0.02898248840890057,1.936,0.011465,0.0004926730701375999,False
1.942,0.01148,1.942,638.4356251287332,0.0290204070592393,1.942,0.01148,0.0004970295701056001,False
1.948,0.011495,1.948,636.4691909650924,0.029058325709578024,1.948,0.011495,0.0005014133079076001,False
1.954,0.01151,1.954,634.514833162743,0.02909624435991675,1.954,0.01151,0.0005058243894916,False
1.96,0.011525,1.96,632.5724408163265,0.02913416301025548,1.96,0.011525,0.000510262921,False
1.966,0.01154,1.966,630.6419043743641,0.029172081660594207,1.966,0.01154,0.0005147290087696,False
1.972,0.011555,1.972,628.7231156186613,0.029210000310932932,1.972,0.011555,0.0005192227593315999,False
1.978,0.01157,1.978,626.8159676440849,0.02924791896127166,1.978,0.01157,0.0005237442794116,False
1.984,0.011585,1.984,624.9203548387096,0.02928583761161039,1.984,0.011585,0.0005282936759296,False
1.99,0.0116,1.99,623.0361728643215,0.029323756261949115,1.99,0.0116,0.0005328710559999999,False
1.996,0.011615,1.996,621.1633186372745,0.029361674912287843,1.996,0.011615,0.0005374765269316,False
2.002,0.01163,2.002,619.3016903096903,0.02939959356262657,2.002,0.01163,0.0005421101962275999,False
2.008,0.011645,2.008,617.451187250996,0.0294375122129653,2.008,0.011645,0.0005467721715856,False
2.014,0.01166,2.014,615.6117100297914,0.029475430863304026,2.014,0.01166,0.0005514625608975999,False
2.02,0.011675,2.02,613.7831603960395,0.02951334951364275,2.02,0.011675,0.0005561814722500001,False
2.026,0.01169,2.026,611.9654412635736,0.029551268163981483,2.026,0.01169,0.0005609290139236001,False
2.032,0.011705,2.032,610.1584566929133,0.02958918681432021,2.032,0.011705,0.0005657052943936,False
2.038,0.01172,2.038,608.3621118743866,0.029627105464658934,2.038,0.01172,0.0005705104223295999,False
2.044,0.011735,2.044,606.5763131115459,0.029665024114997662,2.044,0.011735,0.0005753445065956001,False
2.05,0.01175,2.05,604.800967804878,0.029702942765336388,2.05,0.01175,0.0005802076562499999,False
2.056,0.04793994,2.056,603.0359844357976,0.12118785480797112,2.056,0.04793994,0.009714963940476837,False
2.062,0.06340537,2.062,601.2812725509215,0.1602830703085087,2.062,0.06340537,0.017093437339859106,False
2.068,0.07517125,2.068,599.536742746615,0.19002615628500366,2.068,0.07517125,0.024165991197681022,False
2.074,0.08500592,2.074,597.8023066538091,0.2148873171467884,2.074,0.08500592,0.031082493256197642,False
2.08,0.09359667,2.08,596.0778769230768,0.2366039601732832,2.08,0.09359667,0.03790072041804863,False
2.086,0.10129717,2.086,594.3633672099712,0.2560701313021745,2.086,0.10129717,0.04465018194638212,False
2.092,0.1083182,2.092,592.6586921606117,0.27381866340802213,2.092,0.1083182,0.05134831884088362,False
2.098,0.11479756,2.098,590.9637673975215,0.2901979024919379,2.098,0.11479756,0.0580064493221661,False
2.104,0.12083129,2.104,589.2785095057034,0.3054506290324905,2.104,0.12083129,0.06463240180992644,False
2.11,0.12648956,2.11,587.6028360189573,0.3197542264759645,2.11,0.12648956,0.0712318582894784,False
2.116,0.13182552,2.116,585.9366654064271,0.3332430532400602,2.116,0.13182552,0.0778090858503634,False
2.122,0.13688059,2.122,584.2799170593779,0.3460218153579129,2.122,0.13688059,0.08436736711179608,False
2.128,0.14168786,2.128,582.6325112781955,0.3581741613721698,2.128,0.14168786,0.09090934508468065,False
2.134,0.14627422,2.134,580.9943692596064,0.3697680667833382,2.134,0.14627422,0.09743711399582743,False
2.14,0.15066192,2.14,579.3654130841121,0.3808597775894204,2.14,0.15066192,0.10395240514678047,False
2.146,0.15486962,2.146,577.7455657036346,0.39149646459143794,2.146,0.15486962,0.11045665844448585,False
2.152,0.15891317,2.152,576.1347509293679,0.40171819516324864,2.152,0.15891317,0.1169511013741902,False
2.158,0.16280616,2.158,574.5328934198332,0.4115593236020595,2.158,0.16280616,0.12343676937253822,False
2.164,0.16656035,2.164,572.9399186691312,0.42104957812973587,2.164,0.16656035,0.12991454074528969,False
2.17,0.17018602,2.17,571.3557529953916,0.43021494566131013,2.17,0.17018602,0.1363851958006605,False
2.176,0.1736922,2.176,569.7803235294117,0.439078253224286,2.176,0.1736922,0.14284939785834921,False
2.182,0.17708689,2.182,568.213558203483,0.4476597240988443,2.182,0.17708689,0.14930773744066067,True
2.188,0.18037723,2.188,566.6553857404022,0.4559774075625462,2.188,0.18037723,0.15576076157065302,True
2.194,0.18356958,2.194,565.1057356426618,0.4640473811231353,2.194,0.18356958,0.16220889844061068,True
2.2,0.1866697,2.2,563.5645381818181,0.4718842055423416,2.2,0.1866697,0.1686525921867556,True
2.206,0.18968277,2.206,562.0317243880326,0.47950097539408226,2.206,0.18968277,0.1750921931261019,True
2.212,0.19261352,2.212,560.507226039783,0.4869096476927639,2.212,0.19261352,0.1815280662504526,True
2.218,0.19546623,2.218,558.9909756537421,0.49412104189328326,2.218,0.19546623,0.18796048503202595,True
2.224,0.19824484,2.224,557.4829064748201,0.5011451179611294,2.224,0.19824484,0.1943897450163695,True
2.23,0.20095295,2.23,555.9829524663677,0.5079909763723834,2.23,0.20095295,0.20081608598063116,True
2.236,0.20359389,2.236,554.4910483005366,0.5146670350674206,2.236,0.20359389,0.20723975928315877,True
2.242,0.20617071,2.242,553.0071293487957,0.5211810041718099,2.242,0.20617071,0.21366094730070734,True
2.248,0.20868625,2.248,551.5311316725978,0.5275400629500154,2.248,0.20868625,0.22007985127035612,True
2.254,0.21114316,2.254,550.062992014197,0.5337509103635969,2.254,0.21114316,0.22649668881506246,True
2.26,0.21354387,2.26,548.6026477876106,0.5398196892339093,2.26,0.21354387,0.23291158799589293,True
2.266,0.21589066,2.266,547.1500370697263,0.5457521631958041,2.266,0.21589066,0.23932469773972848,True
2.272,0.21818568,2.272,545.7050985915494,0.5515537672558298,2.272,0.21818568,0.24573620164050072,True
2.278,0.22043092,2.278,544.2677717295874,0.5572295319549314,2.278,0.22043092,0.2521462223637285,True
2.284,0.22262825,2.284,542.8379964973731,0.5627841844848511,2.284,0.22262825,0.2585548829826239,True
2.29,0.22477943,2.29,541.4157135371179,0.5682221739672287,2.29,0.22477943,0.26496230661971415,True
2.296,0.22688613,2.296,540.0008641114982,0.5735477220118018,2.296,0.22688613,0.27136864259084015,True
2.302,0.2289499,2.302,538.593390095569,0.5787647468791055,2.302,0.2289499,0.27777397578991186,True
2.308,0.23097225,2.308,537.1932339688042,0.5838770657132738,2.308,0.23097225,0.2841785009461061,True
2.314,0.23295456,2.314,535.8003388072601,0.588888167030138,2.314,0.23295456,0.2905822895156518,True
2.32,0.23489817,2.32,534.4146482758621,0.5938014382291282,2.32,0.23489817,0.2969854936097434,True
2.326,0.23680438,2.326,533.0361066208083,0.598620165593274,2.326,0.23680438,0.3033883378974385,True
2.332,0.23867438,2.332,531.6646586620926,0.6033473573355019,2.332,0.23867438,0.30979092993963997,True
2.338,0.24050937,2.338,530.300249786142,0.6079860469478394,2.338,0.24050937,0.3161935561986399,True
2.344,0.24231048,2.344,528.9428259385666,0.6125390909686117,2.344,0.24231048,0.3225964697636493,True
2.35,0.24407881,2.35,527.5923336170213,0.6170092700988439,2.35,0.24407881,0.3289999856741365,True
2.356,0.24581545,2.356,526.2487198641766,0.6213993397604604,2.356,0.24581545,0.3354045297690964,True
2.362,0.24752147,2.362,524.9119322607959,0.6257120048171854,2.362,0.24752147,0.3418106087236878,True
2.368,0.24919795,2.368,523.5819189189189,0.6299499954118434,2.368,0.24919795,0.3482188899576758,True
2.374,0.25084598,2.374,522.2586284751474,0.6341160669663589,2.374,0.25084598,0.35463020268515155,True
2.38,0.25246666,2.38,520.9420100840337,0.6382130001817568,2.38,0.25246666,0.36104553899281555,True
2.386,0.25406116,2.386,519.6320134115674,0.6422437527127635,2.386,0.25406116,0.3674662285176741,True
2.392,0.2556307,2.392,518.3285886287625,0.6462114086096065,2.392,0.2556307,0.37389389085500085,True
2.398,0.25717659,2.398,517.0316864053377,0.6501192794344155,2.398,0.25717659,0.3803305615317329,True
2.404,0.25870023,2.404,515.7412579034941,0.6539709042612221,2.404,0.25870023,0.386778706197608,True
2.41,0.26020319,2.41,514.4572547717842,0.6577702519087616,2.41,0.26020319,0.3932414766705194,True
2.416,0.26168718,2.416,513.1796291390729,0.6615216451031729,2.416,0.26168718,0.3997226465794589,True
2.422,0.26315413,2.422,511.9083336085879,0.6652299627107993,2.422,0.26315413,0.4062268809421852,True
2.428,0.26460618,2.428,510.6433212520593,0.6689006144590893,2.428,0.26460618,0.41275974078647515,True
2.434,0.26604579,2.434,509.38454560394405,0.6725398190066982,2.434,0.26604579,0.41932806452871974,True
2.44,0.26747571,2.44,508.13196065573766,0.6761545281061884,2.44,0.26747571,0.4259399255876084,True
2.446,0.26889905,2.446,506.88552085036787,0.6797526035577299,2.446,0.26889905,0.43260490689814596,True
2.452,0.27031936,2.452,505.6451810766721,0.6833430194419032,2.452,0.27031936,0.43933442307869014,True
2.458,0.27174059,2.458,504.41089666395436,0.6869357610032972,2.458,0.27174059,0.4461416664121498,True
2.464,0.27316723,2.464,503.1826233766233,0.6905421785579132,2.464,0.27316723,0.45304214471831594,True
2.47,0.27460427,2.47,501.9603174089068,0.6941748863767643,2.47,0.27460427,0.4600536478782128,True
2.476,0.27605727,2.476,500.74393537964454,0.6978479396395757,2.476,0.27605727,0.4671965836276985,True
2.482,0.27753236,2.482,499.5334343271554,0.7015768344347858,2.482,0.27753236,0.4744940946628793,True
2.488,0.27903627,2.488,498.32877170418004,0.7053785835968469,2.488,0.27903627,0.4819722874669813,True
2.494,0.2805763,2.494,497.1299053728949,0.7092716408689236,2.494,0.2805763,0.48966026798707624,True
2.5,0.28216034,2.5,495.9367936,0.7132759514610941,2.5,0.28216034,0.4975903591807225,True
2.506,0.28379677,2.506,494.7493950518755,0.7174126992593476,2.506,0.28379677,0.5057979093019183,True
2.512,0.28549443,2.512,493.56766878980886,0.721704230988284,2.512,0.28549443,0.514321345948084,True
2.518,0.28726253,2.518,492.39157426528993,0.7261738286992109,2.518,0.28726253,0.5232020220428958,True
2.524,0.28911052,2.524,491.2210713153724,0.7308453811418417,2.524,0.28911052,0.5324839118728886,False
2.53,0.29104793,2.53,490.0561201581028,0.7357429792986921,2.53,0.29104793,0.5422131823744248,False
2.536,0.29308421,2.536,488.89668138801255,0.740890511919475,2.536,0.29308421,0.5524377414599941,False
2.542,0.29522848,2.542,487.74271597167586,0.7463110335435965,2.542,0.29522848,0.5632064158890243,False
2.548,0.29748936,2.548,486.59418524332807,0.7520263347554512,2.548,0.29748936,0.5745683801568279,False
2.554,0.29987463,2.554,485.4510509005482,0.758056082695015,2.554,0.29987463,0.586571875737473,False
2.56,0.30239102,2.56,484.313275,0.7644172901967398,2.56,0.30239102,0.5992633399813106,False
2.566,0.30504383,2.566,483.1808199532346,0.771123355183745,2.566,0.30504383,0.6126857708663244,False
2.572,0.30783671,2.572,482.0536485225505,0.7781835045276133,2.572,0.30783671,0.6268775922292379,False
2.578,0.31077127,2.578,480.9317238169123,0.7856018081634809,2.578,0.31077127,0.6418706995004756,False
2.584,0.31384686,2.584,479.81500928792565,0.7933766229498335,2.584,0.31384686,0.6576890246699124,False
2.59,0.31706026,2.59,478.70346872586873,0.8014998090163978,2.59,0.31706026,0.6743465671461101,False
2.596,0.32040541,2.596,477.5970662557781,0.8099560472284374,2.596,0.32040541,0.6918453991966095,False
2.602,0.32387331,2.602,476.49576633358953,0.818722586395749,2.602,0.32387331,0.7101742218425667,False
2.608,0.32745177,2.608,475.39953374233124,0.827768611295157,2.608,0.32745177,0.7293061212347327,False
2.614,0.33112543,2.614,474.3083335883703,0.837055293228715,2.614,0.33112543,0.7491973577570142,False
2.62,0.3348757,2.62,473.2221312977099,0.8465356383491028,2.62,0.3348757,0.7697857219619435,False
2.626,0.33868089,2.626,472.1408926123381,0.856154816287931,2.626,0.33868089,0.7909896998638096,False
2.632,0.34251637,2.632,471.0645835866261,0.8658505646213431,2.632,0.34251637,0.8127078137790426,False
2.638,0.34635484,2.638,469.99317058377557,0.8755538714057227,2.638,0.34635484,0.8348185759708392,False
2.644,0.3501667,2.644,468.9266202723146,0.8851899105044015,2.644,0.3501667,0.8571811032486338,False
2.65,0.35392046,2.65,467.8648996226415,0.8946790780307682,2.65,0.35392046,0.87963618711643,False
2.656,0.35758332,2.656,466.8079759036144,0.9039384585360822,2.656,0.35758332,0.9020085329747661,False
2.662,0.36112171,2.662,465.75581667918857,0.9128831900808856,2.662,0.36112171,0.9241092102935561,False
2.668,0.36450196,2.668,464.7083898050974,0.9214281579347178,2.668,0.36450196,0.9457391910265257,False
2.674,0.367691,2.674,463.6656634255796,0.9294897641131321,2.674,0.367691,0.9666935153704788,False
2.68,0.37065704,2.68,462.6276059701492,0.9369876463565107,2.68,0.37065704,0.9867658124843361,False
2.686,0.37337027,2.686,461.5941861504095,0.9438464476670804,2.686,0.37337027,1.005753341956041,False
2.692,0.37580356,2.692,460.5653729569093,0.9499975858459284,2.692,0.37580356,1.0234623968898213,False
2.698,0.37793307,2.698,459.5411356560415,0.9553807955181166,2.698,0.37793307,1.039713495918571,False
2.704,0.37973886,2.704,458.52144378698216,0.9599456701577948,2.704,0.37973886,1.0543467389033678,False
2.71,0.38120532,2.71,457.50626715867156,0.96365274908951,2.71,0.38120532,1.0672262223464444,False
2.716,0.3823216,2.716,456.4955758468335,0.9664746044895176,2.716,0.3823216,1.0782443751693287,False
2.722,0.38308187,2.722,455.489340191036,0.968396498642386,2.722,0.38308187,1.0873251644682922,False
2.728,0.38348546,2.728,454.4875307917888,0.9694167378483998,2.728,0.38348546,1.0944263385721966,False
2.734,0.38353689,2.734,453.490118507681,0.9695467482608612,2.734,0.38353689,1.0995406887485473,False
2.74,0.38324579,2.74,452.49707445255467,0.9688108736532876,2.74,0.38324579,1.1026962843956314,False
2.746,0.3826266,2.746,451.50836999271667,0.9672456170464051,2.746,0.3826266,1.1039550313151565,False
2.752,0.38169832,2.752,450.52397674418603,0.9648990087306428,2.752,0.38169832,1.103411119106173,False
2.758,0.38048397,2.758,449.5438665699782,0.9618292411947207,2.758,0.38048397,1.1011874483344695,False
2.764,0.3790101,2.764,448.56801157742404,0.958103430449738,2.764,0.3790101,1.0974320618999622,False
2.77,0.37730617,2.77,447.59638411552345,0.9537960487249602,2.77,0.37730617,1.0923136290500968,False
2.776,0.37540385,2.776,446.6289567723343,0.9489871549308022,2.776,0.37540385,1.0860163612206064,False
2.782,0.37333638,2.782,445.6657023723939,0.9437607767964151,2.782,0.37333638,1.0787352624627917,False
2.788,0.37113786,2.788,444.706593974175,0.9382031160535684,2.788,0.37113786,1.0706710437521525,False
2.794,0.3688425,2.794,443.75160486757335,0.9324006525041351,2.794,0.3688425,1.0620249447559431,False
2.8,0.36648403,2.8,442.8007085714286,0.9264386525531766,2.8,0.36648403,1.0529946668811205,False
2.806,0.36409507,2.806,441.8538788310762,0.9203995766256295,2.806,0.36409507,1.0437702885265736,False
2.812,0.36170657,2.812,440.9110896159317,0.9143616635366928,2.812,0.36170657,1.0345308055557876,False
2.818,0.35934736,2.818,439.9723151171043,0.9083977929323175,2.818,0.35934736,1.025441512313675,False
2.824,0.35704376,2.824,439.0375297450425,0.902574499404298,2.824,0.35704376,1.01665190674971,False
2.83,0.35481926,2.83,438.10670812720844,0.8969511635590649,2.83,0.35481926,1.0082941388302569,False
2.836,0.35269436,2.836,437.1798251057828,0.8915796075520807,2.836,0.35269436,1.0004824680998323,False
2.842,0.35068643,2.842,436.25685573539755,0.886503741180438,2.842,0.35068643,0.9933128850324936,False
2.848,0.34880969,2.848,435.3377752808989,0.8817595113246578,2.848,0.34880969,0.9868634223779584,False
2.854,0.34707526,2.854,434.42255921513663,0.8773750283441911,2.854,0.34707526,0.9811948338182396,False
2.86,0.34549124,2.86,433.5111832167832,0.8733707683102211,2.86,0.34549124,0.9763513851001467,False
2.866,0.34406298,2.866,432.6036231681786,0.8697602555413685,2.866,0.34406298,0.9723626424813251,False
2.872,0.34279322,2.872,431.6998551532033,0.8665504165110949,2.872,0.34279322,0.9692444397214878,False
2.878,0.34168239,2.878,430.7998554551772,0.8637423382207103,2.878,0.34168239,0.9670006625986629,False
2.884,0.3407289,2.884,429.903600554785,0.8613320012932788,2.884,0.3407289,0.965624896325844,False
2.89,0.33992946,2.89,429.0110671280276,0.859311088904826,2.89,0.33992946,0.9651021747080245,False
2.896,0.33927933,2.896,428.1222320441989,0.8576676187618448,2.896,0.33927933,0.9654102792738095,False
2.902,0.3387727,2.902,427.2370723638869,0.8563869037071042,2.902,0.3387727,0.9665217400491354,False
2.908,0.33840292,2.908,426.35556533700134,0.855452133138954,2.908,0.33840292,0.9684049663256619,False
2.914,0.33816277,2.914,425.4776884008236,0.8548450555470309,2.914,0.33816277,0.9710255992958626,False
2.92,0.33804476,2.92,424.60341917808216,0.8545467368852661,2.92,0.33804476,0.9743480484471447,False
2.926,0.33804126,2.926,423.7327354750512,0.854537889200187,2.926,0.33804126,0.9783360733527885,False
2.932,0.33814476,2.932,422.86561527967257,0.8547995278875242,2.932,0.33814476,0.9829541387703917,False
2.938,0.33834797,2.938,422.00203675970045,0.8553132244832131,2.938,0.33834797,0.9881678800901263,False
2.944,0.33864398,2.944,421.14197826086956,0.8560615111289975,2.944,0.33864398,0.9939449480091594,False
2.95,0.33902633,2.95,420.2854183050847,0.8570280575261316,2.95,0.33902633,1.0002553633005227,False
2.956,0.33948906,2.956,419.43233558863324,0.858197797330881,2.956,0.33948906,1.0070717812293162,False
2.962,0.34002678,2.962,418.5827089804186,0.8595571051082236,2.962,0.34002678,1.0143699006166542,False
2.968,0.34063467,2.968,417.7365175202156,0.8610937963318509,2.968,0.34063467,1.022128482546014,False
2.974,0.34130844,2.974,416.8937404169468,0.8627970262677659,2.974,0.34130844,1.0303291427685477,False
2.98,0.34204438,2.98,416.0543570469798,0.8646574163697847,2.98,0.34204438,1.038956695802665,False
2.986,0.34283925,2.986,415.2183469524447,0.8666667762094343,2.986,0.34283925,1.0479985445477178,False
2.992,0.34369028,2.992,414.38568983957214,0.8688181034759522,2.992,0.34369028,1.0574447325596632,False
2.998,0.34459508,2.998,413.5563655770513,0.8711053564643841,2.998,0.34459508,1.067287448195012,False
3.004,0.34555161,3.004,412.7303541944074,0.8735233782382844,3.004,0.34555161,1.0775208890211379,False
3.01,0.34655808,3.01,411.9076358803987,0.8760676438387123,3.01,0.34655808,1.0881406857386562,False
3.016,0.34761293,3.016,411.0881909814323,0.8787342097260327,3.016,0.34761293,1.09914381153834,False
3.022,0.34871472,3.022,410.272,0.8815194357098131,3.022,0.34871472,1.1105279170334799,False
3.028,0.34986209,3.028,409.45904359313073,0.8844198838324229,3.028,0.34986209,1.1222910874816363,False
3.034,0.35105366,3.034,408.64930257086354,0.8874320655780307,3.034,0.35105366,1.1344312028282997,False
3.04,0.35228805,3.04,407.8427578947368,0.8905524924308055,3.04,0.35228805,1.1469460513889715,False
3.046,0.35356375,3.046,407.03939067629676,0.8937773472466131,3.046,0.35356375,1.159832465113608,False
3.052,0.3548791,3.052,406.2391821756225,0.8971024336948161,3.052,0.3548791,1.1730861428746027,False
3.058,0.35623225,3.058,405.44211379986916,0.9005230751418726,3.058,0.35623225,1.1867013325709264,False
3.064,0.35762111,3.064,404.64816710182765,0.9040339882558357,3.064,0.35762111,1.2006704316003292,False
3.07,0.35904334,3.07,403.8573237785016,0.9076292577272522,3.07,0.35904334,1.2149838397725017,False
3.076,0.36049629,3.076,403.06956566970086,0.9113021845945625,3.076,0.36049629,1.2296294651349928,False
3.082,0.36197703,3.082,402.2848747566515,0.9150453620814002,3.082,0.36197703,1.2445928264279624,False
3.088,0.36348227,3.088,401.50323316062173,0.9188504733637913,3.088,0.36348227,1.2598564001667947,False
3.094,0.36500843,3.094,400.7246231415643,0.9227084685238548,3.094,0.36500843,1.2753999870557526,False
3.1,0.36655157,3.1,399.94902709677416,0.9266093875961017,3.1,0.36655157,1.2912001138415579,False
3.106,0.36810742,3.106,399.1764275595621,0.9305424364047357,3.106,0.36810742,1.3072301206670645,False
3.112,0.36967144,3.112,398.4068071979434,0.9344961382382541,3.112,0.36967144,1.3234604732680195,False
3.118,0.37123873,3.118,397.64014881334185,0.9384581063375463,3.118,0.37123873,1.339858014224076,False
3.124,0.37280416,3.124,396.87643533930856,0.9424153725241966,3.124,0.37280416,1.3563867857662337,False
3.13,0.37436233,3.13,396.11564984025557,0.9463542860840829,3.13,0.37436233,1.3730076542279022,False
3.136,0.37590764,3.136,395.357775510204,0.9502606907210788,3.136,0.37590764,1.3896787382218647,False
3.142,0.3774343,3.142,394.60279567154674,0.9541199498361536,3.142,0.3774343,1.4063554197511232,False
3.148,0.37893638,3.148,393.8506937738246,0.9579170729228733,3.148,0.37893638,1.4229906657602804,False
3.154,0.38040786,3.154,393.10145339251744,0.9616368419629019,3.154,0.38040786,1.4395353745406614,False
3.16,0.38184269,3.16,392.3550582278481,0.965263963100603,3.16,0.38184269,1.4559388237697082,False
3.166,0.38323481,3.166,391.61149210360077,0.9687831172012396,3.166,0.38323481,1.472148840227358,False
3.172,0.38457822,3.172,390.87073896595206,0.9721791368046764,3.172,0.38457822,1.4881123716667473,False
3.178,0.38586703,3.178,390.1327828823159,0.9754371325208799,3.178,0.38586703,1.5037759345910215,False
3.184,0.38709551,3.184,389.39760804020096,0.9785426194254212,3.184,0.38709551,1.519086086112103,False
3.19,0.38825818,3.19,388.6651987460815,0.9814817445713765,3.19,0.38825818,1.5339902347338543,False
3.196,0.3893498,3.196,387.9355394242803,0.9842412617102273,3.196,0.3893498,1.5484366894860209,False
3.202,0.39036546,3.202,387.2086146158651,0.9868087588037627,3.202,0.39036546,1.5623755097797491,False
3.208,0.39130063,3.208,386.4844089775561,0.9891727844195805,3.208,0.39130063,1.5757590623204647,False
3.214,0.3921512,3.214,385.76290728064714,0.9913229488474878,3.214,0.3921512,1.588542510979688,False
3.22,0.39291352,3.22,385.0440944099378,0.9932500252159026,3.22,0.39291352,1.6006843149867387,False
3.226,0.39358442,3.226,384.3279553626782,0.9949460000500526,3.226,0.39358442,1.612146568864596,False
3.232,0.39416129,3.232,383.6144752475247,0.9964042755047794,3.232,0.39416129,1.622895834085446,False
3.238,0.39464207,3.238,382.9036392835083,0.9976196440854364,3.238,0.39464207,1.6329032361132076,False
3.244,0.39502528,3.244,382.19543279901353,0.9985883644851898,3.244,0.39502528,1.6421448787675281,False
3.25,0.39531004,3.25,381.48984123076923,0.9993082121432202,3.25,0.39531004,1.6506021678432166,False
3.256,0.39549606,3.256,380.7868501228501,0.9997784539656209,3.256,0.39549606,1.658261871557568,False
3.262,0.3955837,3.262,380.08644512568975,1.0,3.262,0.3955837,1.6651167511111682,False
3.268,0.39557389,3.268,379.38861199510404,0.9999752012026785,3.268,0.39557389,1.671165001911507,False
3.274,0.39546818,3.274,378.6933365913256,0.9997079758341914,3.274,0.39546818,1.6764107634725263,False
3.28,0.3952687,3.28,378.00060487804876,0.9992037083428867,3.28,0.3952687,1.6808638545963444,False
3.286,0.39497813,3.286,377.31040292148504,0.9984691735276251,3.286,0.39497813,1.6845395693037213,False
3.292,0.39459968,3.292,376.6227168894289,0.9975124859795791,3.292,0.39459968,1.6874585372533502,False
3.298,0.39413708,3.298,375.9375330503335,0.9963430748031327,3.298,0.39413708,1.6896466520555715,False
3.304,0.3935945,3.304,375.2548377723971,0.9949714813830803,3.304,0.3935945,1.6911343830948677,False
3.31,0.39297654,3.31,374.57461752265857,0.9934093341055256,3.31,0.39297654,1.6919566692666104,False
3.316,0.39228818,3.316,373.89685886610374,0.9916692219623812,3.316,0.39228818,1.6921524576178368,False
3.322,0.39153469,3.322,373.2215484647802,0.9897644670394661,3.322,0.39153469,1.691763884477742,False
3.328,0.39072165,3.328,372.5486730769231,0.987709175074706,3.328,0.39072165,1.690836396579494,False
3.334,0.38985484,3.334,371.87821955608877,0.9855179573880319,3.334,0.38985484,1.6894177452156223,False
3.34,0.38894022,3.34,371.2101748502994,0.9832058803231781,3.34,0.38894022,1.6875577534506883,False
3.346,0.38798383,3.346,370.54452600119544,0.9807882124566811,3.346,0.38798383,1.685307389482621,False
3.352,0.3869918,3.352,369.88126014319806,0.9782804498769793,3.352,0.3869918,1.6827187948959947,False
3.358,0.38597025,3.358,369.2203645026801,0.9756980633934109,3.358,0.38597025,1.6798443616655223,False
3.364,0.38492526,3.364,368.56182639714626,0.973056422698913,3.364,0.38492526,1.6767364207332105,False
3.37,0.38386279,3.37,367.9056332344213,0.9703705941372206,3.37,0.38386279,1.6734465009804012,False
3.376,0.38278869,3.376,367.25177251184834,0.9676553659819654,3.376,0.38278869,1.6700253782643955,False
3.382,0.3817086,3.382,366.60023181549377,0.964924995645675,3.382,0.3817086,1.6665221725704709,False
3.388,0.38062796,3.388,365.95099881936244,0.9621932349588722,3.388,0.38062796,1.6629844105100153,False
3.394,0.37955193,3.394,365.3040612846199,0.9594731279372735,3.394,0.37955193,1.6594573087826496,False
3.4,0.37848539,3.4,364.6594070588235,0.956777010781789,3.4,0.37848539,1.655983761526306,False
3.406,0.37743291,3.406,364.01702407516143,0.9541164360412222,3.406,0.37743291,1.6526040708752867,False
3.412,0.37639871,3.412,363.3769003516999,0.9515020714958681,3.412,0.37639871,1.6493555936003137,False
3.418,0.37538667,3.418,362.73902399063775,0.9489437254366143,3.418,0.37538667,1.6462728283939716,False
3.424,0.3744003,3.424,362.1033831775701,0.9464502708276403,3.424,0.3744003,1.6433871549894556,False
3.43,0.37344272,3.43,361.469966180758,0.9440295947482165,3.43,0.37344272,1.6407266612020341,False
3.436,0.37251669,3.436,360.8387613504074,0.9416886742300049,3.436,0.37251669,1.6383164089766287,False
3.442,0.37162459,3.442,360.2097571179546,0.9394335256988596,3.442,0.37162459,1.6361782609807036,False
3.448,0.37076843,3.448,359.5829419953596,0.9372692302539261,3.448,0.37076843,1.6343309689402898,False
3.454,0.36994983,3.454,358.95830457440644,0.9351998831094406,3.454,0.36994983,1.6327899953278537,False
3.46,0.36917009,3.46,358.3358335260115,0.9332287705484327,3.46,0.36917009,1.6315681260353396,False
3.466,0.36843015,3.466,357.7155175995383,0.9313582688063234,3.466,0.36843015,1.6306751107898143,False
3.472,0.36773063,3.472,357.0973456221198,0.9295899451873271,3.472,0.36773063,1.6301180059992657,False
3.478,0.36707184,3.478,356.4813064979873,0.9279245833435503,3.478,0.36707184,1.629901250281131,False
3.484,0.36645381,3.484,355.8673892078071,0.9263622591122941,3.484,0.36645381,1.6300269146824435,False
3.49,0.36587632,3.49,355.2555828080229,0.9249024163533532,3.49,0.36587632,1.630494951665676,False
3.496,0.36533888,3.496,354.64587643020593,0.9235438163908168,3.496,0.36533888,1.6313029968230117,False
3.502,0.36484082,3.502,354.0382592804112,0.9222847655249699,3.502,0.36484082,1.6324471492142685,False
3.508,0.36438123,3.508,353.43272063854045,0.9211229633576915,3.508,0.36438123,1.6339214131488762,False
3.514,0.36395908,3.514,352.829249857712,0.9200558061416585,3.514,0.36395908,1.6357187480971191,False
3.52,0.36357316,3.52,352.22783636363636,0.9190802351057438,3.52,0.36357316,1.6378305088879264,False
3.526,0.36322215,3.526,351.6284696539989,0.9181929134087173,3.526,0.36322215,1.6402470505789883,False
3.532,0.36290463,3.532,351.0311392978482,0.9173902514183472,3.532,0.36290463,1.6429577974755667,False
3.538,0.36261909,3.538,350.43583493499153,0.9166684319904991,3.538,0.36261909,1.6459513123970702,False
3.544,0.36236398,3.544,349.842546275395,0.9160235368646382,3.544,0.36236398,1.6492157305682353,False
3.55,0.36213767,3.55,349.25126309859155,0.9154514455474279,3.55,0.36213767,1.6527383788462469,False
3.556,0.36193854,3.556,348.6619752530933,0.914948062824631,3.556,0.36193854,1.6565065786264743,False
3.562,0.36176496,3.562,348.07467265581136,0.9145092682029113,3.562,0.36176496,1.6605074528426145,False
3.568,0.36161529,3.568,347.48934529147976,0.9141309159098314,3.568,0.36161529,1.6647279143991194,False
3.574,0.3614879,3.574,346.9059832120873,0.9138088854520547,3.574,0.3614879,1.6691548396710734,False
3.58,0.36138122,3.58,346.3245765363128,0.9135392080108458,3.58,0.36138122,1.6737755236923781,False
3.586,0.3612937,3.586,345.7451154489682,0.9133179653256694,3.586,0.3612937,1.6785773082884665,False
3.592,0.36122383,3.592,345.1675902004454,0.9131413402523917,3.592,0.36122383,1.683547763405116,False
3.598,0.36117017,3.598,344.5919911061701,0.91300569260058,3.598,0.36117017,1.6886749661389808,False
3.604,0.36113133,3.604,344.0183085460599,0.9129075085753028,3.604,0.36113133,1.693947316871711,False
3.61,0.36110599,3.61,343.4465329639889,0.9128434513353305,3.61,0.36110599,1.6993537290864869,False
3.616,0.3610929,3.616,342.8766548672566,0.912810360993135,3.616,0.3610929,1.7048836347431993,False
3.622,0.36109086,3.622,342.3086648260629,0.912805204056689,3.622,0.36109086,1.7105268009272399,False
3.628,0.36109876,3.628,341.7425534729878,0.9128251745458674,3.628,0.36109876,1.7162737137494597,False
3.634,0.36111557,3.634,341.1783115024766,0.9128676687133469,3.634,0.36111557,1.7221154935661713,False
3.64,0.3611403,3.64,340.61592967032965,0.9129301839282055,3.64,0.3611403,1.728043521837679,False
3.646,0.36117204,3.646,340.05539879319804,0.9130104197923222,3.646,0.36117204,1.7340498289535082,False
3.652,0.36120997,3.652,339.4967097480832,0.9131063034194786,3.652,0.36120997,1.740127201209058,False
3.658,0.36125331,3.658,338.9398534718425,0.9132158630398574,3.658,0.36125331,1.7462687101437346,False
3.664,0.36130135,3.664,338.3848209606987,0.9133373038373422,3.664,0.36130135,1.7524680084750044,False
3.67,0.36135345,3.67,337.83160326975474,0.9134690079495187,3.67,0.36135345,1.7587193402409675,False
3.676,0.36140902,3.676,337.28019151251357,0.9136094839094736,3.676,0.36140902,1.7650173558954376,False
3.682,0.36146752,3.682,336.7305768604019,0.9137573666457945,3.682,0.36146752,1.7713571196659161,False
3.688,0.36152846,3.688,336.1827505422993,0.9139114174825708,3.688,0.36152846,1.7777341171036263,False
3.694,0.36159142,3.694,335.63670384407146,0.9140705746975925,3.694,0.36159142,1.7841444601691667,False
3.7,0.36165599,3.7,335.0924281081081,0.9142338018477505,3.7,0.36165599,1.7905843043584286,False
3.706,0.36172182,3.706,334.5499147328656,0.9144002141645372,3.706,0.36172182,1.7970503467368477,False
3.712,0.36178862,3.712,334.0091551724137,0.9145690785540457,3.712,0.36178862,1.8035398357356578,False
3.718,0.36185609,3.718,333.47014093598705,0.9147396366432693,3.718,0.36185609,1.81004988076508,False
3.724,0.36192398,3.724,332.9328635875402,0.9149112564547023,3.724,0.36192398,1.8165780525613369,False
3.73,0.3619921,3.73,332.3973147453083,0.9150834576854405,3.73,0.3619921,1.823122492245464,False
3.736,0.36206023,3.736,331.8634860813704,0.915255684195279,3.736,0.36206023,1.8296810118074545,False
3.742,0.36212822,3.742,331.3313693212186,0.9154275567977144,3.742,0.36212822,1.8362521029627126,False
3.748,0.36219592,3.748,330.8009562433297,0.9155986963062432,3.748,0.36219592,1.8428342367606587,False
3.754,0.3622632,3.754,330.27223867874267,0.9157687740925625,3.754,0.3622632,1.8494260677052443,False
3.76,0.36232996,3.76,329.7452085106383,0.9159375373656701,3.76,0.36232996,1.856026539578534,False
3.766,0.36239611,3.766,329.21985767392454,0.9161047586136638,3.766,0.36239611,1.86263468497375,False
3.772,0.36246155,3.772,328.696178154825,0.9162701850455417,3.772,0.36246155,1.8692494206957069,False
3.778,0.36252623,3.778,328.17416199047113,0.9164336902658022,3.778,0.36252623,1.8758701669187106,False
3.784,0.36259009,3.784,327.6538012684989,0.9165951225998442,3.784,0.36259009,1.8824962328094954,False
