wavenumber_cm-1,raw_signal,baseline_signal,processed_signal
402.0,0.043588,,0.11193631227529532
404.0,0.043576,,0.11190549563430918
406.0,0.043564,,0.11187467899332305
408.0,0.043552,,0.11184386235233693
410.0,0.04354,,0.1118130457113508
412.0,0.043528,,0.11178222907036466
414.0,0.043516,,0.11175141242937853
416.0,0.043504,,0.1117205957883924
418.0,0.043492,,0.11168977914740627
420.0,0.04348,,0.11165896250642011
422.0,0.043468,,0.111628145865434
424.0,0.043456,,0.11159732922444787
426.0,0.043444,,0.11156651258346174
428.0,0.043432,,0.11153569594247559
430.0,0.04342,,0.11150487930148946
432.0,0.043408,,0.11147406266050333
434.0,0.043396,,0.11144324601951719
436.0,0.043384,,0.11141242937853106
438.0,0.043372,,0.11138161273754493
440.0,0.04336,,0.1113507960965588
442.0,0.043348,,0.11131997945557266
444.0,0.043336,,0.11128916281458653
446.0,0.043324,,0.1112583461736004
448.0,0.043312,,0.11122752953261428
450.0,0.0433,,0.11119671289162814
452.0,0.043288,,0.11116589625064201
454.0,0.043276,,0.11113507960965588
456.0,0.043264,,0.11110426296866974
458.0,0.043252,,0.11107344632768361
460.0,0.04324,,0.11104262968669748
462.0,0.043228,,0.11101181304571135
464.0,0.043216,,0.11098099640472521
466.0,0.043204,,0.11095017976373908
468.0,0.043192,,0.11091936312275295
470.0,0.04318,,0.11088854648176683
472.0,0.043168,,0.11085772984078068
474.0,0.043156,,0.11082691319979456
476.0,0.043144,,0.11079609655880843
478.0,0.043132,,0.11076527991782227
480.0,0.04312,,0.11073446327683614
482.0,0.043108,,0.11070364663585001
484.0,0.043096,,0.11067282999486389
486.0,0.043084,,0.11064201335387774
488.0,0.043072,,0.11061119671289162
490.0,0.04306,,0.11058038007190549
492.0,0.043048,,0.11054956343091936
494.0,0.043036,,0.11051874678993322
496.0,0.043024,,0.11048793014894709
498.0,0.043012,,0.11045711350796096
500.0,0.043,,0.11042629686697482
502.0,0.042988,,0.11039548022598869
504.0,0.042976,,0.11036466358500256
506.0,0.042964,,0.11033384694401643
508.0,0.042952,,0.11030303030303029
510.0,0.04294,,0.11027221366204416
512.0,0.042928,,0.11024139702105804
514.0,0.042916,,0.1102105803800719
516.0,0.042904,,0.11017976373908576
518.0,0.042892,,0.11014894709809964
520.0,0.04288,,0.11011813045711351
522.0,0.042868,,0.11008731381612738
524.0,0.042856,,0.11005649717514124
526.0,0.042844,,0.11002568053415511
528.0,0.042832,,0.10999486389316898
530.0,0.04282,,0.10996404725218283
532.0,0.042808,,0.1099332306111967
534.0,0.042796,,0.10990241397021057
536.0,0.042784,,0.10987159732922445
538.0,0.042772,,0.1098407806882383
540.0,0.04276,,0.10980996404725217
542.0,0.042748,,0.10977914740626604
544.0,0.042736,,0.10974833076527991
546.0,0.042724,,0.10971751412429377
548.0,0.042712,,0.10968669748330764
550.0,0.0427,,0.10965588084232152
552.0,0.042688,,0.10962506420133537
554.0,0.042676,,0.10959424756034924
556.0,0.042664,,0.10956343091936312
558.0,0.042652,,0.10953261427837699
560.0,0.04264,,0.10950179763739085
562.0,0.042628,,0.10947098099640472
564.0,0.042616,,0.10944016435541859
566.0,0.042604,,0.10940934771443246
568.0,0.042592,,0.10937853107344632
570.0,0.04258,,0.10934771443246019
572.0,0.042568,,0.10931689779147406
574.0,0.042556,,0.10928608115048792
576.0,0.042544,,0.10925526450950179
578.0,0.042532,,0.10922444786851566
580.0,0.04252,,0.10919363122752954
582.0,0.042508,,0.10916281458654338
584.0,0.042496,,0.10913199794555725
586.0,0.042484,,0.10910118130457114
588.0,0.042472,,0.10907036466358501
590.0,0.04246,,0.10903954802259885
592.0,0.042448,,0.10900873138161273
594.0,0.042436,,0.1089779147406266
596.0,0.042424,,0.10894709809964047
598.0,0.042412,,0.10891628145865433
600.0,0.0424,,0.1088854648176682
602.0,0.042388,,0.10885464817668207
604.0,0.042376,,0.10882383153569593
606.0,0.042364,,0.1087930148947098
608.0,0.042352,,0.10876219825372367
610.0,0.04234,,0.10873138161273754
612.0,0.042328,,0.1087005649717514
614.0,0.042316,,0.10866974833076527
616.0,0.042304,,0.10863893168977914
618.0,0.042292,,0.10860811504879302
620.0,0.04228,,0.10857729840780687
622.0,0.042268,,0.10854648176682075
624.0,0.042256,,0.10851566512583462
626.0,0.042244,,0.10848484848484848
628.0,0.042232,,0.10845403184386235
630.0,0.04222,,0.10842321520287622
632.0,0.042208,,0.10839239856189009
634.0,0.042196,,0.10836158192090393
636.0,0.042184,,0.10833076527991782
638.0,0.042172,,0.10829994863893169
640.0,0.04216,,0.10826913199794556
642.0,0.042148,,0.10823831535695941
644.0,0.042136,,0.10820749871597328
646.0,0.042124,,0.10817668207498715
648.0,0.042112,,0.10814586543400101
650.0,0.0421,,0.10811504879301488
652.0,0.042088,,0.10808423215202875
654.0,0.042076,,0.10805341551104262
656.0,0.042064,,0.10802259887005648
658.0,0.042052,,0.10799178222907035
660.0,0.04204,,0.10796096558808423
662.0,0.042028,,0.1079301489470981
664.0,0.042016,,0.10789933230611196
666.0,0.042004,,0.10786851566512583
668.0,0.041992,,0.1078376990241397
670.0,0.04198,,0.10780688238315357
672.0,0.041968,,0.10777606574216743
674.0,0.041956,,0.1077452491011813
676.0,0.041944,,0.10771443246019517
678.0,0.041932,,0.10768361581920903
680.0,0.04192,,0.1076527991782229
682.0,0.041908,,0.10762198253723677
684.0,0.041896,,0.10759116589625065
686.0,0.041884,,0.1075603492552645
688.0,0.041872,,0.10752953261427838
690.0,0.04186,,0.10749871597329225
692.0,0.041848,,0.10746789933230612
694.0,0.041836,,0.10743708269131996
696.0,0.041824,,0.10740626605033383
698.0,0.041812,,0.1073754494093477
700.0,0.0418,,0.10734463276836156
702.0,0.041788,,0.10731381612737544
704.0,0.041776,,0.10728299948638931
706.0,0.041764,,0.10725218284540318
708.0,0.041752,,0.10722136620441704
710.0,0.04174,,0.10719054956343091
712.0,0.041728,,0.10715973292244478
714.0,0.041716,,0.10712891628145865
716.0,0.041704,,0.10709809964047251
718.0,0.041692,,0.10706728299948638
720.0,0.04168,,0.10703646635850025
722.0,0.041668,,0.10700564971751411
724.0,0.041656,,0.10697483307652798
726.0,0.041644,,0.10694401643554186
728.0,0.041632,,0.10691319979455573
730.0,0.04162,,0.10688238315356959
732.0,0.041608,,0.10685156651258346
734.0,0.041596,,0.10682074987159733
736.0,0.041584,,0.1067899332306112
738.0,0.041572,,0.10675911658962506
740.0,0.04156,,0.10672829994863893
742.0,0.041548,,0.1066974833076528
744.0,0.041536,,0.10666666666666665
746.0,0.041524,,0.10663585002568052
748.0,0.041512,,0.10660503338469439
750.0,0.0415,,0.10657421674370827
752.0,0.041488,,0.10654340010272212
754.0,0.041476,,0.10651258346173599
756.0,0.041464,,0.10648176682074986
758.0,0.041452,,0.10645095017976373
760.0,0.04144,,0.10642013353877759
762.0,0.041428,,0.10638931689779146
764.0,0.041416,,0.10635850025680534
766.0,0.041404,,0.10632768361581921
768.0,0.041392,,0.10629686697483307
770.0,0.04138,,0.10626605033384694
772.0,0.041368,,0.10623523369286081
774.0,0.041356,,0.10620441705187467
776.0,0.041344,,0.10617360041088854
778.0,0.041332,,0.10614278376990241
780.0,0.04132,,0.10611196712891628
782.0,0.041308,,0.10608115048793014
784.0,0.041296,,0.10605033384694401
786.0,0.041284,,0.10601951720595788
788.0,0.041272,,0.10598870056497176
790.0,0.04126,,0.10595788392398561
792.0,0.041248,,0.10592706728299948
794.0,0.041236,,0.10589625064201336
796.0,0.041224,,0.1058654340010272
798.0,0.041212,,0.10583461736004107
800.0,0.0412,,0.10580380071905496
802.0,0.041188,,0.10577298407806883
804.0,0.041176,,0.10574216743708267
806.0,0.041164,,0.10571135079609655
808.0,0.041152,,0.10568053415511042
810.0,0.04114,,0.10564971751412429
812.0,0.041128,,0.10561890087313815
814.0,0.041116,,0.10558808423215202
816.0,0.041104,,0.10555726759116589
818.0,0.041092,,0.10552645095017975
820.0,0.04108,,0.10549563430919362
822.0,0.041068,,0.10546481766820749
824.0,0.04105601,,0.10543402670775551
826.0,0.04104401,,0.10540321006676938
828.0,0.04103201,,0.10537239342578325
830.0,0.04102001,,0.10534157678479712
832.0,0.04100801,,0.10531076014381098
834.0,0.04099602,,0.10527996918335901
836.0,0.04098402,,0.10524915254237288
838.0,0.04097203,,0.1052183615819209
840.0,0.04096004,,0.10518757062146893
842.0,0.04094805,,0.10515677966101694
844.0,0.04093607,,0.10512601438109911
846.0,0.04092408,,0.10509522342064714
848.0,0.04091211,,0.10506448382126347
850.0,0.04090013,,0.10503371854134565
852.0,0.04088817,,0.10500300462249615
854.0,0.04087622,,0.10497231638418078
856.0,0.04086427,,0.10494162814586543
858.0,0.04085234,,0.10491099126861839
860.0,0.04084043,,0.10488040575243963
862.0,0.04082854,,0.10484987159732923
864.0,0.04081667,,0.1048193888032871
866.0,0.04080484,,0.10478900873138161
868.0,0.04079305,,0.10475873138161272
870.0,0.0407813,,0.10472855675398048
872.0,0.04076962,,0.1046985618900873
874.0,0.04075801,,0.10466874678993322
876.0,0.04074648,,0.10463913713405239
878.0,0.04073507,,0.1046098356445814
880.0,0.04072378,,0.10458084232152029
882.0,0.04071265,,0.10455225988700564
884.0,0.0407017,,0.10452413970210579
886.0,0.04069099,,0.10449663585002568
888.0,0.04068055,,0.10446982537236775
890.0,0.04067043,,0.10444383667180276
892.0,0.04066071,,0.10441887519260401
894.0,0.04065146,,0.10439512069851052
896.0,0.04064277,,0.10437280431432974
898.0,0.04063474,,0.10435218284540318
900.0,0.04062749,,0.10433356445814072
902.0,0.04062118,,0.10431736004108885
904.0,0.04061597,,0.10430398048279405
906.0,0.04061206,,0.10429393939393938
908.0,0.04060968,,0.10428782742681048
910.0,0.04060909,,0.10428631227529532
912.0,0.04061061,,0.10429021571648689
914.0,0.04061458,,0.10430041088854647
916.0,0.04062141,,0.1043179506933744
918.0,0.04063158,,0.10434406779661017
920.0,0.04064563,,0.1043801489470981
922.0,0.04066416,,0.10442773497688751
924.0,0.04068788,,0.10448864920390344
926.0,0.04071759,,0.10456494607087827
928.0,0.04075419,,0.10465893682588598
930.0,0.04079871,,0.10477326656394453
932.0,0.0408523,,0.10491088854648176
934.0,0.04091627,,0.10507516692347199
936.0,0.04099208,,0.10526985105290189
938.0,0.04108136,,0.10549912686183871
940.0,0.04118595,,0.10576771956856702
942.0,0.04130789,,0.10608086800205443
944.0,0.04144945,,0.10644440164355418
946.0,0.04161312,,0.10686471494607087
948.0,0.0418017,,0.10734899845916794
950.0,0.04201824,,0.1079050847457627
952.0,0.04226609,,0.10854157678479712
954.0,0.04254893,,0.10926792501284026
956.0,0.0428708,,0.1100945043656908
958.0,0.04323605,,0.1110324858757062
960.0,0.04364946,,0.11209414483821263
962.0,0.04411615,,0.11329262968669748
964.0,0.04464167,,0.11464219311761684
966.0,0.045232,,0.11615819209039548
968.0,0.04589351,,0.11785698510529018
970.0,0.04663303,,0.1197561119671289
972.0,0.04745781,,0.12187419106317411
974.0,0.04837555,,0.12423099640472522
976.0,0.04939436,,0.126847354904982
978.0,0.05052279,,0.12974522342064715
980.0,0.05176977,,0.1329475346687211
982.0,0.05314463,,0.1364782485875706
984.0,0.05465703,,0.14036217257318953
986.0,0.05631698,,0.14462501284026708
988.0,0.05813472,,0.14929306625577812
990.0,0.06012074,,0.15439327170005135
992.0,0.06228571,,0.1599530303030303
994.0,0.06464036,,0.16599989727786335
996.0,0.06719547,,0.17256155624036978
998.0,0.06996175,,0.17966551104262968
1000.0,0.07294977,,0.18733890600924497
1002.0,0.07616983,,0.19560819209039546
1004.0,0.07963189,,0.20449894709809963
1006.0,0.08334543,,0.2140355161787365
1008.0,0.08731935,,0.22424075500770416
1010.0,0.09156182,,0.2351356445814073
1012.0,0.09608018,,0.24673903441191575
1014.0,0.10088077,,0.2590672059578839
1016.0,0.10596882,,0.2721335901386749
1018.0,0.11134831,,0.28594840780688235
1020.0,0.11702184,,0.3005183359013867
1022.0,0.12299047,,0.3158460965588084
1024.0,0.1292536,,0.33193014894709805
1026.0,0.13580888,,0.34876445814072926
1028.0,0.14265205,,0.36633808423215203
1030.0,0.14977687,,0.3846350025680534
1032.0,0.15717497,,0.4036337185413456
1034.0,0.16483586,,0.4233072932717
1036.0,0.17274678,,0.44362295839753463
1038.0,0.1808927,,0.4645421160760143
1040.0,0.18925628,,0.4860202362609142
1042.0,0.19781787,,0.5080068567026194
1044.0,0.2065555,,0.5304455572675911
1046.0,0.21544495,,0.5532741397021057
1048.0,0.22445982,,0.5764248073959938
1050.0,0.23357157,,0.5998242681047765
1052.0,0.24274967,,0.6233941191576784
1054.0,0.25196173,,0.6470511813045711
1056.0,0.26117367,,0.6707079352850539
1058.0,0.27034988,,0.6942729327170004
1060.0,0.27945345,,0.7176513867488443
1062.0,0.2884464,,0.7407457627118643
1064.0,0.29728994,,0.7634564458140728
1066.0,0.30594468,,0.785682280431433
1068.0,0.31437101,,0.8073215459681561
1070.0,0.32252931,,0.8282724961479199
1072.0,0.33038028,,0.8484342064714946
1074.0,0.33788527,,0.8677074216743708
1076.0,0.34500658,,0.8859953261427838
1078.0,0.35170778,,0.9032043656908064
1080.0,0.35795399,,0.9192449666153055
1082.0,0.36371221,,0.9340323831535695
1084.0,0.36895162,,0.9474874678993322
1086.0,0.37364381,,0.9595372624550591
1088.0,0.37776307,,0.970115742167437
1090.0,0.38128663,,0.9791644324601951
1092.0,0.38419482,,0.9866328197226502
1094.0,0.38647131,,0.992478967642527
1096.0,0.38810325,,0.996669876733436
1098.0,0.38908134,,0.9991816640986132
1100.0,0.3894,,1.0
1102.0,0.38905734,,0.9991200308166408
1104.0,0.38805525,,0.9965466101694915
1106.0,0.38639931,,0.9922940677966101
1108.0,0.38409882,,0.9863862865947611
1110.0,0.38116663,,0.9788562660503338
1112.0,0.37761907,,0.9697459424756034
1114.0,0.37347581,,0.9591058294812532
1116.0,0.36875962,,0.9469944016435542
1118.0,0.36349621,,0.9334776836158191
1120.0,0.35771399,,0.9186286337955828
1122.0,0.35144378,,0.9025263995891114
1124.0,0.34471858,,0.8852557267591166
1126.0,0.33757327,,0.8669061890087313
1128.0,0.33004428,,0.8475713405238829
1130.0,0.32216931,,0.8273479969183358
1132.0,0.31398701,,0.8063354134565999
1134.0,0.30553668,,0.7846345146379045
1136.0,0.29685794,,0.7623470467385721
1138.0,0.2879904,,0.7395747303543913
1140.0,0.27897345,,0.7164187211093991
1142.0,0.26984588,,0.6929786337955829
1144.0,0.26064567,,0.6693520030816641
1146.0,0.25140973,,0.645633615819209
1148.0,0.24217367,,0.6219149203903441
1150.0,0.23297157,,0.5982834360554699
1152.0,0.22383582,,0.5748223420647149
1154.0,0.21479695,,0.5516100410888546
1156.0,0.2058835,,0.5287198253723677
1158.0,0.19712187,,0.5062194915254237
1160.0,0.18853628,,0.48417123780174626
1162.0,0.1801487,,0.4626314843348741
1164.0,0.17197878,,0.44165069337442214
1166.0,0.16404386,,0.4212733949666153
1168.0,0.15635897,,0.40153818695428867
1170.0,0.14893687,,0.3824778376990241
1172.0,0.14178805,,0.36411928608115046
1174.0,0.13492088,,0.34648402670775547
1176.0,0.1283416,,0.329588084232152
1178.0,0.12205447,,0.31344239856189005
1180.0,0.11606184,,0.2980530046224961
1182.0,0.11036431,,0.2834214432460195
1184.0,0.10496082,,0.2695449922958397
1186.0,0.09984877,,0.2564169748330765
1188.0,0.09502418,,0.2440271700051361
1190.0,0.09048182,,0.23236214689265536
1192.0,0.08621535,,0.22140562403697994
1194.0,0.08221743,,0.21113875192604004
1196.0,0.07847989,,0.2015405495634309
1198.0,0.07499383,,0.19258816127375447
1200.0,0.07174977,,0.18425724191063175
1202.0,0.06873775,,0.17652221366204415
1204.0,0.06594747,,0.169356625577812
1206.0,0.06336836,,0.1627333333333333
1208.0,0.06098971,,0.156624833076528
1210.0,0.05880074,,0.15100344119157677
1212.0,0.05679072,,0.1458416024653313
1214.0,0.05494898,,0.14111191576784796
1216.0,0.05326503,,0.13678744221879813
1218.0,0.05172863,,0.13284188495120697
1220.0,0.05032977,,0.1292495377503852
1222.0,0.04905879,,0.12598559322033898
1224.0,0.04790636,,0.12302609142270159
1226.0,0.04686355,,0.12034809964047251
1228.0,0.04592181,,0.11792966101694914
1230.0,0.04507303,,0.11574994863893168
1232.0,0.04430951,,0.1137891884951207
1234.0,0.043624,,0.11202876219825372
1236.0,0.04300967,,0.11045112994350281
1238.0,0.04246015,,0.10903993323061119
1240.0,0.04196946,,0.10777981510015408
1242.0,0.04153205,,0.1066565228556754
1244.0,0.0411428,,0.10565690806368772
1246.0,0.04079693,,0.10476869542886492
1248.0,0.04049009,,0.1039807139188495
1250.0,0.04021824,,0.10328258859784284
1252.0,0.0399777,,0.1026648690292758
1254.0,0.03976512,,0.10211895223420647
1256.0,0.03957745,,0.1016370056497175
1258.0,0.03941189,,0.10121183872624549
1260.0,0.03926595,,0.10083705701078582
1262.0,0.03913736,,0.10050683102208526
1264.0,0.03902408,,0.10021592193117616
1266.0,0.03892427,,0.099959604519774
1268.0,0.0388363,,0.09973369286081149
1270.0,0.03875871,,0.099534437596302
1272.0,0.03869019,,0.09935847457627117
1274.0,0.03862959,,0.0992028505392912
1276.0,0.03857588,,0.09906492039034412
1278.0,0.03852816,,0.09894237288135592
1280.0,0.03848563,,0.09883315356959424
1282.0,0.03844758,,0.09873543913713405
1284.0,0.03841341,,0.09864768875192603
1286.0,0.03838258,,0.09856851566512582
1288.0,0.03835461,,0.09849668721109398
1290.0,0.03832909,,0.09843115048793015
1292.0,0.03830568,,0.09837103235747303
1294.0,0.03828406,,0.09831551104262969
1296.0,0.03826397,,0.09826391884951206
1298.0,0.03824518,,0.0982156651258346
1300.0,0.03822749,,0.09817023626091423
1302.0,0.03821074,,0.09812722136620441
1304.0,0.03819477,,0.0980862095531587
1306.0,0.03817946,,0.09804689265536722
1308.0,0.03816471,,0.09800901386748843
1310.0,0.03815043,,0.09797234206471493
1312.0,0.03813655,,0.09793669748330765
1314.0,0.03812299,,0.09790187467899332
1316.0,0.0381097,,0.09786774524910119
1318.0,0.03809665,,0.09783423215202876
1320.0,0.03808378,,0.09780118130457112
1322.0,0.03807107,,0.09776854134565997
1324.0,0.03805848,,0.09773620955315869
1326.0,0.03804601,,0.09770418592706727
1328.0,0.03803362,,0.0976723677452491
1330.0,0.0380213,,0.09764072932717
1332.0,0.03800905,,0.09760927067283
1334.0,0.03799684,,0.09757791474062659
1336.0,0.03798467,,0.09754666153055983
1338.0,0.03797254,,0.09751551104262968
1340.0,0.03796043,,0.09748441191576786
1342.0,0.03794834,,0.09745336414997431
1344.0,0.03793627,,0.0974223677452491
1346.0,0.03792422,,0.09739142270159219
1348.0,0.03791217,,0.09736047765793529
1350.0,0.03790013,,0.09732955829481252
1352.0,0.03788811,,0.09729869029275809
1354.0,0.03787608,,0.09726779661016949
1356.0,0.03786407,,0.0972369542886492
1358.0,0.03785205,,0.09720608628659475
1360.0,0.03784004,,0.09717524396507446
1362.0,0.03782803,,0.09714440164355417
1364.0,0.03781602,,0.09711355932203389
1366.0,0.03780402,,0.09708274268104776
1368.0,0.03779201,,0.09705190035952747
1370.0,0.03778001,,0.09702108371854135
1372.0,0.03776801,,0.0969902670775552
1374.0,0.03775601,,0.09695945043656908
1376.0,0.03774401,,0.09692863379558295
1378.0,0.037732,,0.09689779147406266
1380.0,0.03772,,0.09686697483307652
1382.0,0.037708,,0.09683615819209039
1384.0,0.037696,,0.09680534155110426
1386.0,0.037684,,0.09677452491011813
1388.0,0.037672,,0.09674370826913198
1390.0,0.03766,,0.09671289162814586
1392.0,0.037648,,0.09668207498715974
1394.0,0.037636,,0.09665125834617361
1396.0,0.037624,,0.09662044170518745
1398.0,0.037612,,0.09658962506420132
1400.0,0.0376,,0.0965588084232152
1402.0,0.037588,,0.09652799178222907
1404.0,0.037576,,0.09649717514124292
1406.0,0.037564,,0.0964663585002568
1408.0,0.037552,,0.09643554185927067
1410.0,0.03754,,0.09640472521828453
1412.0,0.037528,,0.0963739085772984
1414.0,0.037516,,0.09634309193631227
1416.0,0.037504,,0.09631227529532614
1418.0,0.037492,,0.09628145865434
1420.0,0.03748,,0.09625064201335387
1422.0,0.037468,,0.09621982537236774
1424.0,0.037456,,0.09618900873138161
1426.0,0.037444,,0.09615819209039547
1428.0,0.037432,,0.09612737544940934
1430.0,0.03742,,0.09609655880842322
1432.0,0.037408,,0.09606574216743707
1434.0,0.037396,,0.09603492552645095
1436.0,0.037384,,0.09600410888546482
1438.0,0.037372,,0.09597329224447869
1440.0,0.03736,,0.09594247560349255
1442.0,0.037348,,0.09591165896250642
1444.0,0.037336,,0.09588084232152029
1446.0,0.037324,,0.09585002568053416
1448.0,0.037312,,0.095819209039548
1450.0,0.0373,,0.09578839239856188
1452.0,0.037288,,0.09575757575757575
1454.0,0.037276,,0.09572675911658961
1456.0,0.037264,,0.09569594247560348
1458.0,0.037252,,0.09566512583461735
1460.0,0.03724,,0.09563430919363122
1462.0,0.037228,,0.09560349255264508
1464.0,0.037216,,0.09557267591165895
1466.0,0.037204,,0.09554185927067282
1468.0,0.037192,,0.0955110426296867
1470.0,0.03718,,0.09548022598870055
1472.0,0.037168,,0.09544940934771443
1474.0,0.037156,,0.0954185927067283
1476.0,0.037144,,0.09538777606574217
1478.0,0.037132,,0.09535695942475603
1480.0,0.03712,,0.0953261427837699
1482.0,0.037108,,0.09529532614278377
1484.0,0.037096,,0.09526450950179763
1486.0,0.037084,,0.0952336928608115
1488.0,0.037072,,0.09520287621982537
1490.0,0.03706,,0.09517205957883924
1492.0,0.037048,,0.0951412429378531
1494.0,0.037036,,0.09511042629686697
1496.0,0.037024,,0.09507960965588085
1498.0,0.037012,,0.09504879301489472
1500.0,0.037,,0.09501797637390856
1502.0,0.036988,,0.09498715973292243
1504.0,0.036976,,0.09495634309193632
1506.0,0.036964,,0.09492552645095016
1508.0,0.036952,,0.09489470980996403
1510.0,0.03694,,0.0948638931689779
1512.0,0.036928,,0.09483307652799178
1514.0,0.036916,,0.09480225988700564
1516.0,0.036904,,0.09477144324601951
1518.0,0.036892,,0.09474062660503338
1520.0,0.03688,,0.09470980996404725
1522.0,0.036868,,0.09467899332306111
1524.0,0.036856,,0.09464817668207498
1526.0,0.036844,,0.09461736004108885
1528.0,0.036832,,0.09458654340010271
1530.0,0.03682,,0.09455572675911658
1532.0,0.036808,,0.09452491011813045
1534.0,0.036796,,0.09449409347714433
1536.0,0.036784,,0.09446327683615818
1538.0,0.036772,,0.09443246019517205
1540.0,0.03676,,0.09440164355418593
1542.0,0.03674801,,0.09437085259373394
1544.0,0.03673601,,0.09434003595274781
1546.0,0.03672401,,0.09430921931176169
1548.0,0.03671202,,0.0942784283513097
1550.0,0.03670003,,0.09424763739085773
1552.0,0.03668804,,0.09421684643040575
1554.0,0.03667606,,0.09418608115048793
1556.0,0.03666409,,0.09415534155110426
1558.0,0.03665213,,0.09412462763225474
1560.0,0.03664018,,0.0940939393939394
1562.0,0.03662826,,0.0940633281972265
1564.0,0.03661636,,0.09403276836158192
1566.0,0.03660451,,0.09400233692860811
1568.0,0.03659272,,0.09397205957883924
1570.0,0.03658101,,0.0939419876733436
1572.0,0.0365694,,0.09391217257318953
1574.0,0.03655794,,0.09388274268104775
1576.0,0.03654668,,0.0938538263995891
1578.0,0.03653568,,0.09382557781201849
1580.0,0.03652504,,0.09379825372367745
1582.0,0.03651486,,0.09377211093990755
1584.0,0.03650531,,0.09374758602978941
1586.0,0.03649656,,0.09372511556240369
1588.0,0.03648888,,0.09370539291217257
1590.0,0.03648259,,0.093689239856189
1592.0,0.03647808,,0.09367765793528506
1594.0,0.03647589,,0.09367203389830507
1596.0,0.03647667,,0.09367403697996919
1598.0,0.03648122,,0.09368572162300975
1600.0,0.03649057,,0.09370973292244478
1602.0,0.03650599,,0.09374933230611196
1604.0,0.03652903,,0.09380850025680533
1606.0,0.03656159,,0.09389211607601437
1608.0,0.03660599,,0.09400613764766307
1610.0,0.03666504,,0.094157781201849
1612.0,0.03674213,,0.09435575243965073
1614.0,0.03684129,,0.09461040061633282
1616.0,0.03696734,,0.09493410374935798
1618.0,0.03712595,,0.09534142270159218
1620.0,0.0373238,,0.09584951206985104
1622.0,0.03756865,,0.09647829994863893
1624.0,0.03786953,,0.09725097586029788
1626.0,0.03823678,,0.09819409347714432
1628.0,0.03868227,,0.09933813559322033
1630.0,0.03921943,,0.10071759116589625
1632.0,0.03986338,,0.10237128916281457
1634.0,0.04063102,,0.10434262968669747
1636.0,0.0415411,,0.10667976373908576
1638.0,0.04261418,,0.10943549049820236
1640.0,0.04387269,,0.11266741140215715
1642.0,0.04534081,,0.11643762198253724
1644.0,0.0470444,,0.12081253210066768
1646.0,0.04901075,,0.12586222393425783
1648.0,0.05126839,,0.13165996404725216
1650.0,0.0538467,,0.13828120184899845
1652.0,0.05677557,,0.14580269645608626
1654.0,0.06008484,,0.1543010785824345
1656.0,0.06380375,,0.1638514381099127
1658.0,0.06796031,,0.17452570621468924
1660.0,0.07258053,,0.1863906779661017
1662.0,0.07768765,,0.19950603492552643
1664.0,0.08330131,,0.21392221366204417
1666.0,0.08943665,,0.2296780945043657
1668.0,0.09610341,,0.24679869029275808
1670.0,0.1033051,,0.2652930148947098
1672.0,0.11103807,,0.2851516949152542
1674.0,0.11929081,,0.30634517205957884
1676.0,0.12804321,,0.32882180277349765
1678.0,0.137266,,0.3525064201335388
1680.0,0.14692032,,0.3772992295839753
1682.0,0.15695752,,0.4030752953261427
1684.0,0.16731911,,0.4296844119157678
1686.0,0.17793693,,0.45695154083204925
1688.0,0.18873362,,0.4846780174627632
1690.0,0.19962328,,0.5126432460195172
1692.0,0.2105124,,0.5406070878274267
1694.0,0.22130104,,0.5683128916281458
1696.0,0.23188424,,0.5954911145351822
1698.0,0.2421536,,0.6218633795582947
1700.0,0.2519991,,0.6471471494607087
1702.0,0.26131096,,0.6710605033384693
1704.0,0.26998169,,0.6933274011299434
1706.0,0.27790812,,0.7136828967642526
1708.0,0.28499341,,0.7318782999486388
1710.0,0.29114906,,0.7476863379558295
1712.0,0.29629666,,0.7609056497175141
1714.0,0.30036964,,0.7713652799178222
1716.0,0.30331464,,0.7789281972265023
1718.0,0.30509267,,0.7834942732408834
1720.0,0.30568,,0.7850025680534155
1722.0,0.30506867,,0.7834326399589111
1724.0,0.30326664,,0.7788049306625576
1726.0,0.30029764,,0.7711803800719054
1728.0,0.29620066,,0.760659116589625
1730.0,0.29102906,,0.7473781715459681
1732.0,0.28484941,,0.7315085002568054
1734.0,0.27774012,,0.7132514637904468
1736.0,0.26978969,,0.6928343348741655
1738.0,0.26109496,,0.670505803800719
1740.0,0.2517591,,0.6465308166409861
1742.0,0.2418896,,0.6211854134565998
1744.0,0.23159624,,0.5947515151515151
1746.0,0.22098904,,0.5675116589625063
1748.0,0.2101764,,0.5397442218798151
1750.0,0.19926328,,0.5117187467899331
1752.0,0.18834962,,0.48369188495120696
1754.0,0.17752893,,0.45590377503852075
1756.0,0.16688711,,0.42857501284026706
1758.0,0.15650152,,0.4019042629686697
1760.0,0.14644032,,0.37606656394453003
1762.0,0.136762,,0.3512121212121212
1764.0,0.12751521,,0.3274658705701078
1766.0,0.11873881,,0.30492760657421675
1768.0,0.11046207,,0.28367249614791984
1770.0,0.1027051,,0.26375218284540314
1772.0,0.09547941,,0.2451962249614792
1774.0,0.08878865,,0.2280139958911145
1776.0,0.08262931,,0.21219648176682074
1778.0,0.07699165,,0.19771866974833074
1780.0,0.07186053,,0.18454167950693376
1782.0,0.06721631,,0.17261507447354904
1784.0,0.06303575,,0.1618791730868002
1786.0,0.05929284,,0.15226718027734976
1788.0,0.05595957,,0.14370716486902926
1790.0,0.0530067,,0.13612403697996917
1792.0,0.05040439,,0.12944116589625063
1794.0,0.04812275,,0.12358179250128401
1796.0,0.0461324,,0.1184704673857216
1798.0,0.04440481,,0.1140339239856189
1800.0,0.04291269,,0.11020208012326657
1802.0,0.04163018,,0.1069085259373395
1804.0,0.0405331,,0.10409116589625064
1806.0,0.03959902,,0.10169239856189008
1808.0,0.03880738,,0.09965942475603493
1810.0,0.03813943,,0.09794409347714432
1812.0,0.03757827,,0.09650300462249613
1814.0,0.03710878,,0.09529732922444786
1816.0,0.03671753,,0.09429257832562916
1818.0,0.03639265,,0.09345826913199794
1820.0,0.0361238,,0.09276784797123779
1822.0,0.03590195,,0.09219812532100667
1824.0,0.03571934,,0.0917291730868002
1826.0,0.03556929,,0.09134383667180278
1828.0,0.03544613,,0.09102755521314843
1830.0,0.03534504,,0.09076795069337441
1832.0,0.03526199,,0.09055467385721623
1834.0,0.03519359,,0.09037901900359527
1836.0,0.03513703,,0.09023376990241397
1838.0,0.03508999,,0.09011296866974833
1840.0,0.03505057,,0.09001173600410889
1842.0,0.03501722,,0.0899260914227016
1844.0,0.03498867,,0.08985277349768875
1846.0,0.03496389,,0.08978913713405237
1848.0,0.03494208,,0.08973312788906009
1850.0,0.03492259,,0.08968307652799179
1852.0,0.03490488,,0.08963759630200308
1854.0,0.03488856,,0.08959568567026194
1856.0,0.03487331,,0.08955652285567539
1858.0,0.03485886,,0.08951941448382125
1860.0,0.03484504,,0.0894839239856189
1862.0,0.03483168,,0.08944961479198765
1864.0,0.03481868,,0.08941623009758602
1866.0,0.03480594,,0.08938351309707242
1868.0,0.0347934,,0.08935130970724191
1870.0,0.03478101,,0.08931949152542372
1872.0,0.03476872,,0.0892879301489471
1874.0,0.03475651,,0.0892565742167437
1876.0,0.03474436,,0.08922537236774525
1878.0,0.03473226,,0.08919429892141756
1880.0,0.03472018,,0.0891632768361582
1882.0,0.03470813,,0.08913233179250127
1884.0,0.03469609,,0.08910141242937852
1886.0,0.03468406,,0.08907051874678994
1888.0,0.03467204,,0.0890396507447355
1890.0,0.03466003,,0.08900880842321521
1892.0,0.03464802,,0.08897796610169491
1894.0,0.03463601,,0.08894712378017462
1896.0,0.03462401,,0.08891630713918848
1898.0,0.03461201,,0.08888549049820235
1900.0,0.0346,,0.08885464817668207
1902.0,0.034588,,0.08882383153569594
1904.0,0.034576,,0.08879301489470981
1906.0,0.034564,,0.08876219825372367
1908.0,0.034552,,0.08873138161273754
1910.0,0.03454,,0.08870056497175141
1912.0,0.034528,,0.08866974833076528
1914.0,0.034516,,0.08863893168977914
1916.0,0.034504,,0.08860811504879301
1918.0,0.034492,,0.08857729840780688
1920.0,0.03448,,0.08854648176682074
1922.0,0.034468,,0.08851566512583461
1924.0,0.034456,,0.08848484848484849
1926.0,0.034444,,0.08845403184386236
1928.0,0.034432,,0.0884232152028762
1930.0,0.03442,,0.08839239856189007
1932.0,0.034408,,0.08836158192090396
1934.0,0.034396,,0.08833076527991783
1936.0,0.034384,,0.08829994863893167
1938.0,0.034372,,0.08826913199794555
1940.0,0.03436,,0.08823831535695942
1942.0,0.034348,,0.08820749871597328
1944.0,0.034336,,0.08817668207498715
1946.0,0.034324,,0.08814586543400102
1948.0,0.034312,,0.08811504879301489
1950.0,0.0343,,0.08808423215202875
1952.0,0.034288,,0.08805341551104262
1954.0,0.034276,,0.08802259887005649
1956.0,0.034264,,0.08799178222907036
1958.0,0.034252,,0.08796096558808422
1960.0,0.03424,,0.0879301489470981
1962.0,0.034228,,0.08789933230611197
1964.0,0.034216,,0.08786851566512584
1966.0,0.034204,,0.0878376990241397
1968.0,0.034192,,0.08780688238315357
1970.0,0.03418,,0.08777606574216744
1972.0,0.034168,,0.0877452491011813
1974.0,0.034156,,0.08771443246019517
1976.0,0.034144,,0.08768361581920904
1978.0,0.034132,,0.08765279917822291
1980.0,0.03412,,0.08762198253723676
1982.0,0.034108,,0.08759116589625064
1984.0,0.034096,,0.08756034925526451
1986.0,0.034084,,0.08752953261427839
1988.0,0.034072,,0.08749871597329223
1990.0,0.03406,,0.0874678993323061
1992.0,0.034048,,0.08743708269131997
1994.0,0.034036,,0.08740626605033383
1996.0,0.034024,,0.0873754494093477
1998.0,0.034012,,0.08734463276836157
2000.0,0.034,,0.08731381612737545
2002.0,0.033988,,0.0872829994863893
2004.0,0.033976,,0.08725218284540318
2006.0,0.033964,,0.08722136620441705
2008.0,0.033952,,0.08719054956343092
2010.0,0.03394,,0.08715973292244478
2012.0,0.033928,,0.08712891628145865
2014.0,0.033916,,0.08709809964047252
2016.0,0.033904,,0.08706728299948638
2018.0,0.033892,,0.08703646635850025
2020.0,0.03388,,0.08700564971751412
2022.0,0.033868,,0.086974833076528
2024.0,0.033856,,0.08694401643554185
2026.0,0.033844,,0.08691319979455572
2028.0,0.033832,,0.0868823831535696
2030.0,0.03382,,0.08685156651258347
2032.0,0.033808,,0.08682074987159732
2034.0,0.033796,,0.0867899332306112
2036.0,0.033784,,0.08675911658962507
2038.0,0.033772,,0.08672829994863894
2040.0,0.03376,,0.08669748330765278
2042.0,0.033748,,0.08666666666666666
2044.0,0.033736,,0.08663585002568053
2046.0,0.033724,,0.08660503338469439
2048.0,0.033712,,0.08657421674370826
2050.0,0.0337,,0.08654340010272213
2052.0,0.033688,,0.086512583461736
2054.0,0.033676,,0.08648176682074986
2056.0,0.033664,,0.08645095017976373
2058.0,0.033652,,0.0864201335387776
2060.0,0.03364,,0.08638931689779147
2062.0,0.033628,,0.08635850025680533
2064.0,0.033616,,0.0863276836158192
2066.0,0.033604,,0.08629686697483308
2068.0,0.033592,,0.08626605033384693
2070.0,0.03358,,0.0862352336928608
2072.0,0.033568,,0.08620441705187468
2074.0,0.033556,,0.08617360041088855
2076.0,0.033544,,0.0861427837699024
2078.0,0.033532,,0.08611196712891628
2080.0,0.03352,,0.08608115048793015
2082.0,0.033508,,0.08605033384694402
2084.0,0.033496,,0.08601951720595788
2086.0,0.033484,,0.08598870056497175
2088.0,0.033472,,0.08595788392398562
2090.0,0.03346,,0.08592706728299947
2092.0,0.033448,,0.08589625064201334
2094.0,0.033436,,0.08586543400102721
2096.0,0.033424,,0.0858346173600411
2098.0,0.033412,,0.08580380071905494
2100.0,0.0334,,0.08577298407806881
2102.0,0.033388,,0.08574216743708268
2104.0,0.033376,,0.08571135079609656
2106.0,0.033364,,0.08568053415511041
2108.0,0.033352,,0.08564971751412429
2110.0,0.03334,,0.08561890087313816
2112.0,0.033328,,0.08558808423215203
2114.0,0.033316,,0.08555726759116589
2116.0,0.033304,,0.08552645095017976
2118.0,0.033292,,0.08549563430919363
2120.0,0.03328,,0.08546481766820749
2122.0,0.033268,,0.08543400102722136
2124.0,0.033256,,0.08540318438623523
2126.0,0.033244,,0.0853723677452491
2128.0,0.033232,,0.08534155110426296
2130.0,0.03322,,0.08531073446327683
2132.0,0.033208,,0.0852799178222907
2134.0,0.033196,,0.08524910118130458
2136.0,0.033184,,0.08521828454031843
2138.0,0.033172,,0.0851874678993323
2140.0,0.03316,,0.08515665125834618
2142.0,0.033148,,0.08512583461736002
2144.0,0.033136,,0.0850950179763739
2146.0,0.033124,,0.08506420133538778
2148.0,0.033112,,0.08503338469440165
2150.0,0.0331,,0.0850025680534155
2152.0,0.033088,,0.08497175141242937
2154.0,0.033076,,0.08494093477144324
2156.0,0.033064,,0.08491011813045711
2158.0,0.033052,,0.08487930148947097
2160.0,0.03304,,0.08484848484848484
2162.0,0.033028,,0.08481766820749871
2164.0,0.033016,,0.08478685156651257
2166.0,0.033004,,0.08475603492552644
2168.0,0.032992,,0.08472521828454031
2170.0,0.03298,,0.08469440164355418
2172.0,0.032968,,0.08466358500256804
2174.0,0.032956,,0.08463276836158191
2176.0,0.032944,,0.08460195172059579
2178.0,0.032932,,0.08457113507960966
2180.0,0.03292,,0.08454031843862352
2182.0,0.032908,,0.08450950179763739
2184.0,0.032896,,0.08447868515665126
2186.0,0.032884,,0.08444786851566512
2188.0,0.032872,,0.08441705187467899
2190.0,0.03286,,0.08438623523369286
2192.0,0.032848,,0.08435541859270673
2194.0,0.032836,,0.08432460195172058
2196.0,0.032824,,0.08429378531073446
2198.0,0.032812,,0.08426296866974833
2200.0,0.0328,,0.0842321520287622
2202.0,0.032788,,0.08420133538777605
2204.0,0.032776,,0.08417051874678992
2206.0,0.032764,,0.08413970210580379
2208.0,0.032752,,0.08410888546481766
2210.0,0.03274,,0.08407806882383152
2212.0,0.032728,,0.0840472521828454
2214.0,0.032716,,0.08401643554185927
2216.0,0.032704,,0.08398561890087312
2218.0,0.032692,,0.083954802259887
2220.0,0.03268,,0.08392398561890087
2222.0,0.032668,,0.08389316897791474
2224.0,0.032656,,0.0838623523369286
2226.0,0.032644,,0.08383153569594247
2228.0,0.032632,,0.08380071905495634
2230.0,0.03262,,0.08376990241397021
2232.0,0.032608,,0.08373908577298407
2234.0,0.032596,,0.08370826913199794
2236.0,0.032584,,0.08367745249101181
2238.0,0.032572,,0.08364663585002567
2240.0,0.03256,,0.08361581920903954
2242.0,0.032548,,0.08358500256805342
2244.0,0.032536,,0.08355418592706729
2246.0,0.032524,,0.08352336928608114
2248.0,0.032512,,0.08349255264509502
2250.0,0.0325,,0.08346173600410889
2252.0,0.032488,,0.08343091936312276
2254.0,0.032476,,0.0834001027221366
2256.0,0.032464,,0.08336928608115048
2258.0,0.032452,,0.08333846944016435
2260.0,0.03244,,0.0833076527991782
2262.0,0.032428,,0.08327683615819208
2264.0,0.032416,,0.08324601951720595
2266.0,0.032404,,0.08321520287621982
2268.0,0.032392,,0.08318438623523368
2270.0,0.03238,,0.08315356959424755
2272.0,0.032368,,0.08312275295326142
2274.0,0.032356,,0.0830919363122753
2276.0,0.032344,,0.08306111967128915
2278.0,0.032332,,0.08303030303030302
2280.0,0.03232,,0.0829994863893169
2282.0,0.032308,,0.08296866974833077
2284.0,0.032296,,0.08293785310734463
2286.0,0.032284,,0.0829070364663585
2288.0,0.032272,,0.08287621982537237
2290.0,0.03226,,0.08284540318438623
2292.0,0.032248,,0.0828145865434001
2294.0,0.032236,,0.08278376990241397
2296.0,0.032224,,0.08275295326142784
2298.0,0.032212,,0.0827221366204417
2300.0,0.0322,,0.08269131997945557
2302.0,0.032188,,0.08266050333846944
2304.0,0.032176,,0.08262968669748331
2306.0,0.032164,,0.08259887005649716
2308.0,0.032152,,0.08256805341551103
2310.0,0.03214,,0.08253723677452492
2312.0,0.032128,,0.08250642013353876
2314.0,0.032116,,0.08247560349255263
2316.0,0.032104,,0.0824447868515665
2318.0,0.032092,,0.08241397021058038
2320.0,0.03208,,0.08238315356959423
2322.0,0.032068,,0.0823523369286081
2324.0,0.032056,,0.08232152028762198
2326.0,0.032044,,0.08229070364663585
2328.0,0.032032,,0.0822598870056497
2330.0,0.03202,,0.08222907036466358
2332.0,0.032008,,0.08219825372367745
2334.0,0.031996,,0.08216743708269131
2336.0,0.031984,,0.08213662044170518
2338.0,0.031972,,0.08210580380071905
2340.0,0.03196,,0.08207498715973292
2342.0,0.031948,,0.08204417051874678
2344.0,0.031936,,0.08201335387776065
2346.0,0.031924,,0.08198253723677452
2348.0,0.031912,,0.0819517205957884
2350.0,0.0319,,0.08192090395480225
2352.0,0.031888,,0.08189008731381613
2354.0,0.031876,,0.08185927067283
2356.0,0.031864,,0.08182845403184387
2358.0,0.031852,,0.08179763739085773
2360.0,0.03184,,0.0817668207498716
2362.0,0.031828,,0.08173600410888547
2364.0,0.031816,,0.08170518746789932
2366.0,0.031804,,0.08167437082691319
2368.0,0.031792,,0.08164355418592706
2370.0,0.03178,,0.08161273754494093
2372.0,0.031768,,0.08158192090395479
2374.0,0.031756,,0.08155110426296866
2376.0,0.031744,,0.08152028762198253
2378.0,0.031732,,0.0814894709809964
2380.0,0.03172,,0.08145865434001026
2382.0,0.031708,,0.08142783769902413
2384.0,0.031696,,0.081397021058038
2386.0,0.031684,,0.08136620441705186
2388.0,0.031672,,0.08133538777606573
2390.0,0.03166,,0.0813045711350796
2392.0,0.031648,,0.08127375449409348
2394.0,0.031636,,0.08124293785310734
2396.0,0.031624,,0.08121212121212121
2398.0,0.031612,,0.08118130457113508
2400.0,0.0316,,0.08115048793014895
2402.0,0.031588,,0.08111967128916281
2404.0,0.031576,,0.08108885464817668
2406.0,0.031564,,0.08105803800719055
2408.0,0.031552,,0.08102722136620441
2410.0,0.03154,,0.08099640472521828
2412.0,0.031528,,0.08096558808423215
2414.0,0.031516,,0.08093477144324603
2416.0,0.031504,,0.08090395480225987
2418.0,0.031492,,0.08087313816127374
2420.0,0.03148,,0.08084232152028761
2422.0,0.031468,,0.08081150487930149
2424.0,0.031456,,0.08078068823831534
2426.0,0.031444,,0.08074987159732921
2428.0,0.031432,,0.08071905495634309
2430.0,0.03142,,0.08068823831535694
2432.0,0.031408,,0.08065742167437082
2434.0,0.031396,,0.08062660503338469
2436.0,0.031384,,0.08059578839239856
2438.0,0.031372,,0.08056497175141242
2440.0,0.03136,,0.08053415511042629
2442.0,0.031348,,0.08050333846944016
2444.0,0.031336,,0.08047252182845403
2446.0,0.031324,,0.08044170518746789
2448.0,0.031312,,0.08041088854648176
2450.0,0.0313,,0.08038007190549563
2452.0,0.031288,,0.0803492552645095
2454.0,0.031276,,0.08031843862352336
2456.0,0.031264,,0.08028762198253724
2458.0,0.031252,,0.08025680534155111
2460.0,0.03124,,0.08022598870056497
2462.0,0.031228,,0.08019517205957884
2464.0,0.031216,,0.08016435541859271
2466.0,0.031204,,0.08013353877760657
2468.0,0.031192,,0.08010272213662044
2470.0,0.03118,,0.0800719054956343
2472.0,0.031168,,0.08004108885464818
2474.0,0.031156,,0.08001027221366204
2476.0,0.031144,,0.07997945557267591
2478.0,0.031132,,0.07994863893168977
2480.0,0.03112,,0.07991782229070364
2482.0,0.031108,,0.07988700564971751
2484.0,0.031096,,0.07985618900873137
2486.0,0.031084,,0.07982537236774524
2488.0,0.031072,,0.07979455572675911
2490.0,0.03106,,0.07976373908577299
2492.0,0.031048,,0.07973292244478684
2494.0,0.031036,,0.07970210580380072
2496.0,0.031024,,0.07967128916281457
2498.0,0.031012,,0.07964047252182846
2500.0,0.031,,0.07960965588084232
2502.0,0.030988,,0.07957883923985619
2504.0,0.030976,,0.07954802259887005
2506.0,0.030964,,0.07951720595788392
2508.0,0.030952,,0.07948638931689779
2510.0,0.03094,,0.07945557267591165
2512.0,0.030928,,0.07942475603492552
2514.0,0.030916,,0.07939393939393939
2516.0,0.030904,,0.07936312275295326
2518.0,0.030892,,0.07933230611196712
2520.0,0.03088,,0.079301489470981
2522.0,0.030868,,0.07927067282999486
2524.0,0.030856,,0.07923985618900874
2526.0,0.030844,,0.0792090395480226
2528.0,0.030832,,0.07917822290703645
2530.0,0.03082,,0.07914740626605032
2532.0,0.030808,,0.0791165896250642
2534.0,0.030796,,0.07908577298407807
2536.0,0.030784,,0.07905495634309193
2538.0,0.030772,,0.0790241397021058
2540.0,0.03076,,0.07899332306111967
2542.0,0.030748,,0.07896250642013354
2544.0,0.030736,,0.0789316897791474
2546.0,0.030724,,0.07890087313816127
2548.0,0.030712,,0.07887005649717514
2550.0,0.0307,,0.07883923985618901
2552.0,0.030688,,0.07880842321520287
2554.0,0.030676,,0.07877760657421673
2556.0,0.030664,,0.0787467899332306
2558.0,0.030652,,0.07871597329224447
2560.0,0.03064,,0.07868515665125835
2562.0,0.030628,,0.0786543400102722
2564.0,0.030616,,0.07862352336928607
2566.0,0.030604,,0.07859270672829995
2568.0,0.030592,,0.07856189008731382
2570.0,0.03058,,0.07853107344632768
2572.0,0.030568,,0.07850025680534155
2574.0,0.030556,,0.07846944016435542
2576.0,0.030544,,0.07843862352336929
2578.0,0.030532,,0.07840780688238315
2580.0,0.03052,,0.07837699024139701
2582.0,0.030508,,0.07834617360041088
2584.0,0.030496,,0.07831535695942475
2586.0,0.030484,,0.07828454031843862
2588.0,0.030472,,0.07825372367745248
2590.0,0.03046,,0.07822290703646635
2592.0,0.030448,,0.07819209039548022
2594.0,0.030436,,0.0781612737544941
2596.0,0.030424,,0.07813045711350795
2598.0,0.030412,,0.07809964047252183
2600.0,0.0304,,0.0780688238315357
2602.0,0.030388,,0.07803800719054955
2604.0,0.030376,,0.07800719054956343
2606.0,0.030364,,0.07797637390857728
2608.0,0.030352,,0.07794555726759116
2610.0,0.03034,,0.07791474062660503
2612.0,0.030328,,0.0778839239856189
2614.0,0.030316,,0.07785310734463276
2616.0,0.030304,,0.07782229070364663
2618.0,0.030292,,0.0777914740626605
2620.0,0.03028,,0.07776065742167437
2622.0,0.030268,,0.07772984078068823
2624.0,0.030256,,0.0776990241397021
2626.0,0.030244,,0.07766820749871597
2628.0,0.030232,,0.07763739085772983
2630.0,0.03022,,0.0776065742167437
2632.0,0.030208,,0.07757575757575756
2634.0,0.030196,,0.07754494093477143
2636.0,0.030184,,0.0775141242937853
2638.0,0.030172,,0.07748330765279918
2640.0,0.03016,,0.07745249101181303
2642.0,0.030148,,0.0774216743708269
2644.0,0.030136,,0.07739085772984078
2646.0,0.030124,,0.07736004108885465
2648.0,0.030112,,0.07732922444786851
2650.0,0.0301,,0.07729840780688238
2652.0,0.030088,,0.07726759116589625
2654.0,0.030076,,0.07723677452491011
2656.0,0.030064,,0.07720595788392398
2658.0,0.030052,,0.07717514124293784
2660.0,0.03004,,0.07714432460195171
2662.0,0.030028,,0.07711350796096558
2664.0,0.030016,,0.07708269131997945
2666.0,0.030004,,0.07705187467899331
2668.0,0.029992,,0.07702105803800718
2670.0,0.02998,,0.07699024139702106
2672.0,0.029968,,0.07695942475603493
2674.0,0.029956,,0.07692860811504879
2676.0,0.029944,,0.07689779147406266
2678.0,0.029932,,0.07686697483307653
2680.0,0.02992,,0.07683615819209039
2682.0,0.029908,,0.07680534155110426
2684.0,0.029896,,0.07677452491011812
2686.0,0.029884,,0.076743708269132
2688.0,0.029872,,0.07671289162814586
2690.0,0.02986,,0.07668207498715973
2692.0,0.029848,,0.07665125834617359
2694.0,0.029836,,0.07662044170518746
2696.0,0.029824,,0.07658962506420133
2698.0,0.029812,,0.0765588084232152
2700.0,0.0298,,0.07652799178222906
2702.0,0.029788,,0.07649717514124293
2704.0,0.029776,,0.0764663585002568
2706.0,0.029764,,0.07643554185927066
2708.0,0.029752,,0.07640472521828454
2710.0,0.02974,,0.0763739085772984
2712.0,0.029728,,0.07634309193631228
2714.0,0.029716,,0.07631227529532614
2716.0,0.029704,,0.07628145865434001
2718.0,0.029692,,0.07625064201335387
2720.0,0.02968001,,0.0762198510529019
2722.0,0.02966801,,0.07618903441191577
2724.0,0.02965601,,0.07615821777092963
2726.0,0.02964402,,0.07612742681047766
2728.0,0.02963202,,0.07609661016949151
2730.0,0.02962003,,0.07606581920903954
2732.0,0.02960805,,0.07603505392912172
2734.0,0.02959606,,0.07600426296866974
2736.0,0.02958409,,0.07597352336928608
2738.0,0.02957212,,0.0759427837699024
2740.0,0.02956016,,0.0759120698510529
2742.0,0.02954822,,0.0758814072932717
2744.0,0.0295363,,0.0758507960965588
2746.0,0.02952441,,0.07582026194144838
2748.0,0.02951255,,0.07578980482794041
2750.0,0.02950075,,0.07575950179763738
2752.0,0.029489,,0.07572932717000513
2754.0,0.02947733,,0.07569935798664612
2756.0,0.02946577,,0.07566967128916281
2758.0,0.02945435,,0.07564034411915768
2760.0,0.02944311,,0.07561147919876733
2762.0,0.02943209,,0.0755831792501284
2764.0,0.02942137,,0.07555564971751412
2766.0,0.02941102,,0.07552907036466358
2768.0,0.02940114,,0.07550369799691833
2770.0,0.02939187,,0.07547989214175654
2772.0,0.02938336,,0.07545803800719054
2774.0,0.02937581,,0.07543864920390343
2776.0,0.02936946,,0.07542234206471495
2778.0,0.02936461,,0.07540988700564971
2780.0,0.02936162,,0.07540220852593733
2782.0,0.02936093,,0.07540043656908063
2784.0,0.02936309,,0.07540598356445814
2786.0,0.02936874,,0.07542049306625577
2788.0,0.02937867,,0.07544599383667179
2790.0,0.02939381,,0.07548487416538263
2792.0,0.02941526,,0.07553995891114534
2794.0,0.02944436,,0.07561468926553672
2796.0,0.02948267,,0.07571307139188495
2798.0,0.02953201,,0.07583977914740626
2800.0,0.02959453,,0.07600033384694402
2802.0,0.02967272,,0.07620112994350282
2804.0,0.02976948,,0.07644961479198767
2806.0,0.02988813,,0.07675431432973805
2808.0,0.03003248,,0.07712501284026707
2810.0,0.0302069,,0.0775729327170005
2812.0,0.03041631,,0.07811070878274268
2814.0,0.03066631,,0.07875272213662043
2816.0,0.03096314,,0.07951499743194658
2818.0,0.0313138,,0.08041551104262969
2820.0,0.03172602,,0.08147411402157165
2822.0,0.03220836,,0.08271278890600924
2824.0,0.03277018,,0.08415557267591166
2826.0,0.03342168,,0.0858286594761171
2828.0,0.03417387,,0.08776032357473035
2830.0,0.03503861,,0.08998102208525936
2832.0,0.03602851,,0.09252313816127375
2834.0,0.03715691,,0.09542092963533641
2836.0,0.03843778,,0.09871027221366203
2838.0,0.03988563,,0.10242842835130969
2840.0,0.04151541,,0.1066137904468413
2842.0,0.04334226,,0.11130523882896763
2844.0,0.04538143,,0.11654193631227529
2846.0,0.04764798,,0.12236255778120184
2848.0,0.0501566,,0.12880482794042117
2850.0,0.05292128,,0.13590467385721622
2852.0,0.05595506,,0.14369558294812532
2854.0,0.05926967,,0.15220767847971237
2856.0,0.06287524,,0.1614669748330765
2858.0,0.06677992,,0.1714944016435542
2860.0,0.07098955,,0.18230495634309193
2862.0,0.07550727,,0.19390670261941448
2864.0,0.08033321,,0.20629997431946584
2866.0,0.08546418,,0.21947657935285053
2868.0,0.09089332,,0.23341890087313816
2870.0,0.09660986,,0.24809928094504366
2872.0,0.10259892,,0.2634795069337442
2874.0,0.10884131,,0.2795102978941962
2876.0,0.11531346,,0.296131124807396
2878.0,0.12198736,,0.31327005649717515
2880.0,0.12883063,,0.33084393939393936
2882.0,0.1358066,,0.34875860297894196
2884.0,0.14287458,,0.36690955315870566
2886.0,0.14999013,,0.38518266563944525
2888.0,0.15710544,,0.4034551617873652
2890.0,0.16416981,,0.4215968412942989
2892.0,0.17113019,,0.4394714689265536
2894.0,0.17793184,,0.45693846944016436
2896.0,0.18451896,,0.4738545454545455
2898.0,0.19083547,,0.4900756805341551
2900.0,0.19682578,,0.5054591165896251
2902.0,0.20243558,,0.5198653826399589
2904.0,0.20761268,,0.533160451977401
2906.0,0.21230778,,0.545217719568567
2908.0,0.21647525,,0.5559200051361068
2910.0,0.22007389,,0.5651615048793014
2912.0,0.22306759,,0.5728494863893169
2914.0,0.22542593,,0.5789058294812531
2916.0,0.2271247,,0.5832683615819209
2918.0,0.22814628,,0.5858918335901386
2920.0,0.22848,,0.586748844375963
2922.0,0.22812228,,0.5858302003081663
2924.0,0.2270767,,0.5831450950179763
2926.0,0.22535393,,0.5787209296353364
2928.0,0.22297159,,0.5726029532614278
2930.0,0.21995389,,0.5648533384694402
2932.0,0.21633125,,0.5555502054442732
2934.0,0.21213978,,0.5447862865947611
2936.0,0.20742068,,0.532667385721623
2938.0,0.20221958,,0.5193106831022085
2940.0,0.19658578,,0.5048427837699023
2942.0,0.19057147,,0.48939771443246016
2944.0,0.18423096,,0.47311494607087823
2946.0,0.17761984,,0.4561372367745249
2948.0,0.17079419,,0.43860860297894194
2950.0,0.16380981,,0.42067234206471493
2952.0,0.15672144,,0.4024690292758089
2954.0,0.14958213,,0.3841348998459168
2956.0,0.14244258,,0.36580015408320493
2958.0,0.1353506,,0.3475875706214689
2960.0,0.12835063,,0.32961127375449406
2962.0,0.12148336,,0.3119757575757576
2964.0,0.11478546,,0.29477519260400614
2966.0,0.10828931,,0.2780927324088341
2968.0,0.10202292,,0.26200030816640985
2970.0,0.09600986,,0.24655844889573703
2972.0,0.09026932,,0.23181643554185927
2974.0,0.08481618,,0.21781248073959938
2976.0,0.07966121,,0.2045742424242424
2978.0,0.07481127,,0.1921193374422188
2980.0,0.07026955,,0.18045595788392396
2982.0,0.06603592,,0.16958376990241394
2984.0,0.06210724,,0.15949470980996405
2986.0,0.05847767,,0.15017378017462762
2988.0,0.05513906,,0.1416000513610683
2990.0,0.05208128,,0.13374750898818694
2992.0,0.0492926,,0.1265860297894196
2994.0,0.04675998,,0.12008212634822804
2996.0,0.04446943,,0.11419987159732921
2998.0,0.04240626,,0.10890154083204931
3000.0,0.04055541,,0.1041484591679507
3002.0,0.03890163,,0.09990146379044683
3004.0,0.03742978,,0.09612167437082692
3006.0,0.03612491,,0.09277069851052902
3008.0,0.03497251,,0.08981127375449409
3010.0,0.03395862,,0.0872075500770416
3012.0,0.03306987,,0.08492519260400616
3014.0,0.03229368,,0.08293189522342063
3016.0,0.03161818,,0.08119717514124294
3018.0,0.03103236,,0.07969275808936825
3020.0,0.03052602,,0.0783924499229584
3022.0,0.0300898,,0.07727221366204416
3024.0,0.02971515,,0.07631009244992296
3026.0,0.02939431,,0.0754861581920904
3028.0,0.02912031,,0.07478251155624037
3030.0,0.0288869,,0.07418310220852593
3032.0,0.02868848,,0.07367354904982022
3034.0,0.02852013,,0.07324121725731896
3036.0,0.02837748,,0.0728748844375963
3038.0,0.02825673,,0.07256479198767334
3040.0,0.02815453,,0.07230233692860812
3042.0,0.02806801,,0.07208014894709809
3044.0,0.02799467,,0.07189180790960452
3046.0,0.02793237,,0.07173181818181817
3048.0,0.02787927,,0.07159545454545455
3050.0,0.02783381,,0.0714787108371854
3052.0,0.02779467,,0.07137819722650231
3054.0,0.02776075,,0.07129108885464817
3056.0,0.0277311,,0.07121494607087828
3058.0,0.02770494,,0.07114776579352851
3060.0,0.02768163,,0.07108790446841294
3062.0,0.02766062,,0.07103394966615305
3064.0,0.02764148,,0.07098479712378017
3066.0,0.02762383,,0.0709394709809964
3068.0,0.02760739,,0.0708972521828454
3070.0,0.0275919,,0.07085747303543913
3072.0,0.02757718,,0.0708196712891628
3074.0,0.02756306,,0.0707834103749358
3076.0,0.02754942,,0.07074838212634822
3078.0,0.02753615,,0.0707143040575244
3080.0,0.02752318,,0.07068099640472522
3082.0,0.02751044,,0.0706482794042116
3084.0,0.02749788,,0.07061602465331278
3086.0,0.02748546,,0.07058412942989213
3088.0,0.02747315,,0.07055251669234719
3090.0,0.02746093,,0.07052113507960965
3092.0,0.02744878,,0.07048993323061119
3094.0,0.02743668,,0.07045885978428351
3096.0,0.02742463,,0.0704279147406266
3098.0,0.02741261,,0.07039704673857215
3100.0,0.02740063,,0.07036628145865433
3102.0,0.02738868,,0.07033559322033897
3104.0,0.02737675,,0.07030495634309193
3106.0,0.02736485,,0.07027439650744735
3108.0,0.02735299,,0.07024393939393939
3110.0,0.02734115,,0.07021353364149974
3112.0,0.02732935,,0.0701832306111967
3114.0,0.02731759,,0.0701530303030303
3116.0,0.02730588,,0.07012295839753467
3118.0,0.02729422,,0.0700930148947098
3120.0,0.02728261,,0.07006319979455572
3122.0,0.02727108,,0.07003359013867488
3124.0,0.02725963,,0.07000418592706728
3126.0,0.02724828,,0.06997503852080122
3128.0,0.02723703,,0.06994614791987673
3130.0,0.02722591,,0.06991759116589624
3132.0,0.02721493,,0.06988939393939393
3134.0,0.02720413,,0.06986165896250641
3136.0,0.02719351,,0.06983438623523369
3138.0,0.02718312,,0.06980770416024654
3140.0,0.02717299,,0.06978168977914741
3142.0,0.02716315,,0.06975642013353878
3144.0,0.02715365,,0.06973202362609142
3146.0,0.02714454,,0.06970862865947612
3148.0,0.02713587,,0.06968636363636363
3150.0,0.02712772,,0.06966543400102722
3152.0,0.02712014,,0.06964596815613765
3154.0,0.02711322,,0.0696281972265023
3156.0,0.02710706,,0.06961237801746276
3158.0,0.02710175,,0.0695987416538264
3160.0,0.02709741,,0.06958759630200308
3162.0,0.02709418,,0.06957930148947097
3164.0,0.0270922,,0.06957421674370827
3166.0,0.02709162,,0.06957272727272727
3168.0,0.02709264,,0.06957534668721109
3170.0,0.02709545,,0.06958256291730867
3172.0,0.02710029,,0.06959499229583975
3174.0,0.02710741,,0.06961327683615819
3176.0,0.02711708,,0.06963810991268618
3178.0,0.02712962,,0.06967031330251669
3180.0,0.02714536,,0.06971073446327683
3182.0,0.0271647,,0.06976040061633282
3184.0,0.02718805,,0.06982036466358499
3186.0,0.02721588,,0.06989183359013867
3188.0,0.02724868,,0.06997606574216743
3190.0,0.02728702,,0.07007452491011812
3192.0,0.02733152,,0.07018880328710837
3194.0,0.02738285,,0.07032062146892655
3196.0,0.02744173,,0.07047182845403184
3198.0,0.02750896,,0.07064447868515665
3200.0,0.02758543,,0.07084085772984078
3202.0,0.02767208,,0.07106337955829481
3204.0,0.02776993,,0.07131466358500257
3206.0,0.02788011,,0.07159761171032357
3208.0,0.02800381,,0.07191527991782229
3210.0,0.02814235,,0.07227105803800718
3212.0,0.02829712,,0.07266851566512583
3214.0,0.02846963,,0.07311153055983564
3216.0,0.02866152,,0.07360431432973805
3218.0,0.02887451,,0.07415128402670774
3220.0,0.02911048,,0.0747572675911659
3222.0,0.02937139,,0.07542729840780688
3224.0,0.02965938,,0.0761668721109399
3226.0,0.0299767,,0.07698176682074986
3228.0,0.03032573,,0.07787809450436568
3230.0,0.030709,,0.0788623523369286
3232.0,0.0311292,,0.07994144838212634
3234.0,0.03158913,,0.08112257318952233
3236.0,0.03209177,,0.08241337955829481
3238.0,0.03264024,,0.08382187981510016
3240.0,0.0332378,,0.08535644581407292
3242.0,0.03388785,,0.08702580893682588
3244.0,0.03459396,,0.08883913713405238
3246.0,0.0353598,,0.09080585516178735
3248.0,0.03618923,,0.09293587570621469
3250.0,0.03708618,,0.09523929121725733
3252.0,0.03805475,,0.09772663071391884
3254.0,0.03909912,,0.10040862865947611
3256.0,0.04022361,,0.10329637904468413
3258.0,0.04143259,,0.10640110426296866
3260.0,0.04273053,,0.10973428351309707
3262.0,0.04412196,,0.1133075500770416
3264.0,0.04561147,,0.11713269131997946
3266.0,0.04720364,,0.12122146892655367
3268.0,0.0489031,,0.12558577298407805
3270.0,0.05071442,,0.13023733949666152
3272.0,0.05264217,,0.13518790446841294
3274.0,0.05469083,,0.1404489727786338
3276.0,0.05686478,,0.146031792501284
3278.0,0.05916832,,0.15194740626605033
3280.0,0.06160554,,0.15820631741140215
3282.0,0.06418039,,0.16481866974833076
3284.0,0.06689658,,0.17179399075500768
3286.0,0.06975758,,0.1791411915767848
3288.0,0.07276656,,0.1868684129429892
3290.0,0.07592638,,0.1949829994863893
3292.0,0.07923953,,0.20349134565998972
3294.0,0.08270811,,0.21239884437596301
3296.0,0.08633378,,0.22170975860297892
3298.0,0.09011774,,0.2314271700051361
3300.0,0.09406067,,0.24155282485875704
3302.0,0.09816274,,0.25208715973292245
3304.0,0.1024235,,0.26302901900359527
3306.0,0.10684193,,0.2743757832562917
3308.0,0.11141634,,0.28612311248073957
3310.0,0.1161444,,0.2982650231124807
3312.0,0.12102307,,0.310793708269132
3314.0,0.1260486,,0.32369953775038524
3316.0,0.13121648,,0.33697092963533637
3318.0,0.13652147,,0.35059442732408835
3320.0,0.14195754,,0.3645545454545454
3322.0,0.1475179,,0.37883384694401645
3324.0,0.15319496,,0.3934128402670775
3326.0,0.15898035,,0.4082700308166409
3328.0,0.16486492,,0.42338192090395477
3330.0,0.17083873,,0.43872298407806876
3332.0,0.17689111,,0.45426581920903947
3334.0,0.18301063,,0.46998107344632767
3336.0,0.18918514,,0.48583754494093473
3338.0,0.19540183,,0.5018023369286081
3340.0,0.20164721,,0.5178408063687724
3342.0,0.2079072,,0.5339167950693374
3344.0,0.21416715,,0.5499926810477658
3346.0,0.22041188,,0.5660294812532101
3348.0,0.22662579,,0.5819871340523882
3350.0,0.23279285,,0.5978244735490498
3352.0,0.2388967,,0.6134994863893168
3354.0,0.24492073,,0.6289695172059578
3356.0,0.25084811,,0.6441913456599897
3358.0,0.25666194,,0.6591215716486902
3360.0,0.26234524,,0.6737165896250641
3362.0,0.26788108,,0.6879329224447868
3364.0,0.27325267,,0.7017274524910118
3366.0,0.27844341,,0.7150575500770415
3368.0,0.28343701,,0.7278813816127375
3370.0,0.28821755,,0.7401580636877246
3372.0,0.29276957,,0.7518478941961991
3374.0,0.29707815,,0.7629125577812018
3376.0,0.301129,,0.7733153569594247
3378.0,0.30490853,,0.7830213918849512
3380.0,0.30840394,,0.7919977914740626
3382.0,0.31160326,,0.8002138161273754
3384.0,0.31449546,,0.8076411402157164
3386.0,0.31707048,,0.8142539291217257
3388.0,0.3193193,,0.8200290190035951
3390.0,0.321234,,0.8249460708782743
3392.0,0.32280778,,0.8289876219825372
3394.0,0.32403506,,0.8321393425783256
3396.0,0.32491141,,0.8343898561890087
3398.0,0.32543369,,0.8357310991268618
3400.0,0.3256,,0.8361581920903954
3402.0,0.32540969,,0.8356694658448894
3404.0,0.32486341,,0.8342665896250642
3406.0,0.32396306,,0.8319544427324088
3408.0,0.32271178,,0.8287410888546481
3410.0,0.321114,,0.8246379044684129
3412.0,0.3191753,,0.8196592193117617
3414.0,0.31690248,,0.8138224961479198
3416.0,0.31430346,,0.8071480739599383
3418.0,0.31138726,,0.799659116589625
3420.0,0.30816394,,0.7913814586543401
3422.0,0.30464453,,0.7823434257832563
3424.0,0.300841,,0.7725757575757576
3426.0,0.29676615,,0.7621113251155623
3428.0,0.29243357,,0.7509850282485875
3430.0,0.28785755,,0.7392335644581407
3432.0,0.28305301,,0.7268952491011812
3434.0,0.27803541,,0.714009784283513
3436.0,0.27282067,,0.700618053415511
3438.0,0.26742508,,0.6867618900873137
3440.0,0.26186524,,0.6724839239856188
3442.0,0.25615794,,0.6578272727272726
3444.0,0.25032011,,0.6428354134565998
3446.0,0.24436873,,0.6275519517205957
3448.0,0.2383207,,0.6120202876219825
3450.0,0.23219285,,0.5962836414997432
3452.0,0.22600179,,0.5803846687211094
3454.0,0.21976388,,0.5643653826399588
3456.0,0.21349515,,0.5482669491525424
3458.0,0.2072112,,0.5321294298921417
3460.0,0.20092721,,0.5159918079096045
3462.0,0.19465783,,0.4998917051874679
3464.0,0.18841714,,0.4838652799178223
3466.0,0.18221863,,0.4679471751412429
3468.0,0.17607511,,0.4521702876219825
3470.0,0.16999873,,0.4365658192090395
3472.0,0.16400092,,0.4211631227529532
3474.0,0.15809235,,0.40598959938366713
3476.0,0.15228296,,0.39107077555213143
3478.0,0.1465819,,0.37643014894709803
3480.0,0.14099754,,0.3620892141756548
3482.0,0.13553747,,0.3480674627632254
3484.0,0.13020848,,0.3343823317925012
3486.0,0.1250166,,0.3210493066255778
3488.0,0.11996707,,0.3080818438623523
3490.0,0.1150644,,0.2954915254237288
3492.0,0.11031234,,0.2832879815100154
3494.0,0.10571393,,0.2714790190035953
3496.0,0.1012715,,0.26007062146892657
3498.0,0.09698674,,0.24906712891628144
3500.0,0.09286067,,0.23847116076014382
3502.0,0.08889374,,0.22828387262455058
3504.0,0.08508578,,0.21850482794042114
3506.0,0.08143611,,0.20913228043143298
3508.0,0.07794353,,0.2001631484334874
3510.0,0.07460638,,0.19159316897791473
3512.0,0.07142256,,0.18341694915254236
3514.0,0.06838958,,0.1756280945043657
3516.0,0.06550458,,0.16821926040061633
3518.0,0.06276439,,0.16118230611196713
3520.0,0.06016554,,0.15450832049306626
3522.0,0.05770432,,0.14818777606574215
3524.0,0.05537678,,0.14221052901900358
3526.0,0.05317883,,0.1365660760143811
3528.0,0.05110617,,0.13124337442218798
3530.0,0.04915442,,0.1262311761684643
3532.0,0.0473191,,0.12151797637390857
3534.0,0.04559564,,0.11709203903441191
3536.0,0.04397947,,0.11294162814586543
3538.0,0.04246596,,0.10905485362095531
3540.0,0.04105053,,0.10541995377503852
3542.0,0.03972859,,0.10202514124293785
3544.0,0.03849561,,0.09885878274268103
3546.0,0.03734712,,0.09590939907550076
3548.0,0.03627875,,0.09316576784797123
3550.0,0.03528618,,0.09061679506933744
3552.0,0.03436523,,0.08825174627632254
3554.0,0.0335118,,0.08606009244992295
3556.0,0.03272196,,0.08403174114021572
3558.0,0.03199185,,0.08215677966101695
3560.0,0.0313178,,0.08042578325629172
3562.0,0.03069624,,0.07882958397534669
3564.0,0.03012377,,0.07735945043656908
3566.0,0.02959713,,0.07600701078582434
3568.0,0.0291132,,0.07476425269645608
3570.0,0.028669,,0.07362352336928607
3572.0,0.02826173,,0.07257763225475089
3574.0,0.0278887,,0.0716196712891628
3576.0,0.02754738,,0.07074314329738059
3578.0,0.02723539,,0.0699419363122753
3580.0,0.02695048,,0.06921027221366204
3582.0,0.02669051,,0.06854265536723164
3584.0,0.02645352,,0.06793405238828967
3586.0,0.02623763,,0.067379635336415
3588.0,0.02604112,,0.06687498715973292
3590.0,0.02586235,,0.06641589625064201
3592.0,0.02569981,,0.06599848484848485
3594.0,0.02555211,,0.06561918335901386
3596.0,0.02541793,,0.06527460195172059
3598.0,0.02529608,,0.06496168464304057
3600.0,0.02518543,,0.06467752953261428
3602.0,0.02508496,,0.06441951720595789
3604.0,0.02499373,,0.0641852336928608
3606.0,0.02491085,,0.06397239342578324
3608.0,0.02483552,,0.06377894196199281
3610.0,0.02476702,,0.0636030303030303
3612.0,0.02470468,,0.06344293785310734
3614.0,0.02464788,,0.06329707241910631
3616.0,0.02459605,,0.06316397021058039
3618.0,0.0245487,,0.06304237288135593
3620.0,0.02450536,,0.06293107344632769
3622.0,0.02446562,,0.06282901900359528
3624.0,0.02442908,,0.0627351823317925
3626.0,0.02439541,,0.06264871597329223
3628.0,0.02436429,,0.06256879815100154
3630.0,0.02433545,,0.0624947354904982
3632.0,0.02430864,,0.062425885978428346
3634.0,0.02428362,,0.06236163328197226
3636.0,0.0242602,,0.06230148947098099
3638.0,0.02423818,,0.062244940934771446
3640.0,0.02421741,,0.06219160246533128
3642.0,0.02419775,,0.062141114535182326
3644.0,0.02417906,,0.062093117616846424
3646.0,0.02416122,,0.06204730354391371
3648.0,0.02414414,,0.06200344119157678
3650.0,0.02412772,,0.06196127375449408
3652.0,0.02411187,,0.061920570107858244
3654.0,0.02409654,,0.06188120184899845
3656.0,0.02408165,,0.06184296353364149
3658.0,0.02406715,,0.06180572675911658
3660.0,0.02405299,,0.06176936312275295
3662.0,0.02403912,,0.06173374422187981
3664.0,0.02402551,,0.061698793014894705
3666.0,0.02401212,,0.061664406779661014
3668.0,0.02399893,,0.061630534155110425
3670.0,0.02398591,,0.061597098099640465
3672.0,0.02397303,,0.06156402157164868
3674.0,0.02396028,,0.06153127889060092
3676.0,0.02394763,,0.061498793014894707
3678.0,0.02393508,,0.061466563944530046
3680.0,0.02392261,,0.06143454031843862
3682.0,0.02391021,,0.061402696456086286
3684.0,0.02389787,,0.06137100667693888
3686.0,0.02388557,,0.06133941961992809
3688.0,0.02387333,,0.06130798664612224
3690.0,0.02386112,,0.061276630713918846
3692.0,0.02384894,,0.06124535182331792
3694.0,0.02383679,,0.06121414997431946
3696.0,0.02382466,,0.06118299948638931
3698.0,0.02381256,,0.06115192604006163
3700.0,0.02380047,,0.061120878274268105
3702.0,0.02378839,,0.06108985618900872
3704.0,0.02377632,,0.061058859784283506
3706.0,0.02376427,,0.061027914740626604
3708.0,0.02375223,,0.060996995377503846
3710.0,0.02374019,,0.0609660760143811
3712.0,0.02372816,,0.0609351823317925
3714.0,0.02371613,,0.06090428864920389
3716.0,0.02370411,,0.06087342064714946
3718.0,0.02369209,,0.06084255264509501
3720.0,0.02368007,,0.06081168464304058
3722.0,0.02366806,,0.060780842321520284
3724.0,0.02365605,,0.06075
3726.0,0.02364404,,0.06071915767847971
3728.0,0.02363203,,0.06068831535695942
3730.0,0.02362003,,0.06065749871597329
3732.0,0.02360802,,0.060626656394453
3734.0,0.02359602,,0.060595839753466864
3736.0,0.02358402,,0.060565023112480736
3738.0,0.02357201,,0.06053418079096045
3740.0,0.02356001,,0.060503364149974315
3742.0,0.02354801,,0.060472547508988186
3744.0,0.02353601,,0.06044173086800205
3746.0,0.02352401,,0.06041091422701592
3748.0,0.023512,,0.06038007190549564
3750.0,0.0235,,0.060349255264509495
3752.0,0.023488,,0.06031843862352336
3754.0,0.023476,,0.06028762198253723
3756.0,0.023464,,0.060256805341551097
3758.0,0.023452,,0.06022598870056497
3760.0,0.02344,,0.06019517205957883
3762.0,0.023428,,0.060164355418592705
3764.0,0.023416,,0.06013353877760657
3766.0,0.023404,,0.06010272213662044
3768.0,0.023392,,0.060071905495634306
3770.0,0.02338,,0.06004108885464818
3772.0,0.023368,,0.06001027221366204
3774.0,0.023356,,0.0599794555726759
3776.0,0.023344,,0.05994863893168977
3778.0,0.023332,,0.05991782229070364
3780.0,0.02332,,0.05988700564971751
3782.0,0.023308,,0.059856189008731374
3784.0,0.023296,,0.059825372367745246
3786.0,0.023284,,0.05979455572675911
3788.0,0.023272,,0.05976373908577298
3790.0,0.02326,,0.05973292244478685
3792.0,0.023248,,0.05970210580380072
3794.0,0.023236,,0.059671289162814584
3796.0,0.023224,,0.059640472521828455
3798.0,0.023212,,0.05960965588084232
3800.0,0.0232,,0.05957883923985618
3802.0,0.023188,,0.05954802259887006
3804.0,0.023176,,0.059517205957883915
3806.0,0.023164,,0.059486389316897786
3808.0,0.023152,,0.05945557267591165
3810.0,0.02314,,0.05942475603492552
3812.0,0.023128,,0.05939393939393939
3814.0,0.023116,,0.05936312275295326
3816.0,0.023104,,0.059332306111967124
3818.0,0.023092,,0.059301489470980996
3820.0,0.02308,,0.05927067282999486
3822.0,0.023068,,0.05923985618900873
3824.0,0.023056,,0.0592090395480226
3826.0,0.023044,,0.05917822290703646
3828.0,0.023032,,0.059147406266050334
3830.0,0.02302,,0.05911658962506419
3832.0,0.023008,,0.059085772984078064
3834.0,0.022996,,0.05905495634309193
3836.0,0.022984,,0.0590241397021058
3838.0,0.022972,,0.058993323061119665
3840.0,0.02296,,0.05896250642013354
3842.0,0.022948,,0.0589316897791474
3844.0,0.022936,,0.058900873138161274
3846.0,0.022924,,0.05887005649717514
3848.0,0.022912,,0.058839239856189
3850.0,0.0229,,0.058808423215202875
3852.0,0.022888,,0.05877760657421674
3854.0,0.022876,,0.05874678993323061
3856.0,0.022864,,0.05871597329224447
3858.0,0.022852,,0.05868515665125834
3860.0,0.02284,,0.058654340010272206
3862.0,0.022828,,0.05862352336928608
3864.0,0.022816,,0.05859270672829994
3866.0,0.022804,,0.058561890087313814
3868.0,0.022792,,0.05853107344632768
3870.0,0.02278,,0.05850025680534155
3872.0,0.022768,,0.058469440164355416
3874.0,0.022756,,0.05843862352336928
3876.0,0.022744,,0.05840780688238315
3878.0,0.022732,,0.05837699024139702
3880.0,0.02272,,0.05834617360041089
3882.0,0.022708,,0.05831535695942475
3884.0,0.022696,,0.058284540318438625
3886.0,0.022684,,0.05825372367745248
3888.0,0.022672,,0.058222907036466355
3890.0,0.02266,,0.05819209039548022
3892.0,0.022648,,0.05816127375449409
3894.0,0.022636,,0.058130457113507956
3896.0,0.022624,,0.05809964047252182
3898.0,0.022612,,0.05806882383153569
3900.0,0.0226,,0.05803800719054956
3902.0,0.022588,,0.05800719054956343
3904.0,0.022576,,0.057976373908577294
3906.0,0.022564,,0.057945557267591166
3908.0,0.022552,,0.05791474062660503
3910.0,0.02254,,0.0578839239856189
3912.0,0.022528,,0.05785310734463276
3914.0,0.022516,,0.05782229070364663
3916.0,0.022504,,0.0577914740626605
3918.0,0.022492,,0.05776065742167437
3920.0,0.02248,,0.057729840780688234
3922.0,0.022468,,0.0576990241397021
3924.0,0.022456,,0.05766820749871597
3926.0,0.022444,,0.057637390857729835
3928.0,0.022432,,0.05760657421674371
3930.0,0.02242,,0.05757575757575757
3932.0,0.022408,,0.057544940934771444
3934.0,0.022396,,0.05751412429378531
3936.0,0.022384,,0.05748330765279918
3938.0,0.022372,,0.05745249101181304
3940.0,0.02236,,0.05742167437082692
3942.0,0.022348,,0.057390857729840775
3944.0,0.022336,,0.057360041088854646
3946.0,0.022324,,0.05732922444786851
3948.0,0.022312,,0.057298407806882376
3950.0,0.0223,,0.05726759116589625
3952.0,0.022288,,0.05723677452491011
3954.0,0.022276,,0.057205957883923984
3956.0,0.022264,,0.05717514124293785
3958.0,0.022252,,0.05714432460195172
3960.0,0.02224,,0.057113507960965586
3962.0,0.022228,,0.05708269131997946
3964.0,0.022216,,0.057051874678993315
3966.0,0.022204,,0.057021058038007194
3968.0,0.022192,,0.05699024139702105
3970.0,0.02218,,0.05695942475603492
3972.0,0.022168,,0.05692860811504879
3974.0,0.022156,,0.05689779147406265
3976.0,0.022144,,0.056866974833076525
3978.0,0.022132,,0.05683615819209039
3980.0,0.02212,,0.05680534155110426
3982.0,0.022108,,0.056774524910118127
3984.0,0.022096,,0.056743708269132
3986.0,0.022084,,0.05671289162814586
3988.0,0.022072,,0.056682074987159735
3990.0,0.02206,,0.0566512583461736
3992.0,0.022048,,0.05662044170518747
3994.0,0.022036,,0.05658962506420133
3996.0,0.022024,,0.056558808423215194
3998.0,0.022012,,0.056527991782229066
4000.0,0.022,,0.05649717514124293
